/*
 Navicat Premium Data Transfer

 Source Server         : localhost_3306
 Source Server Type    : MySQL
 Source Server Version : 50720
 Source Host           : localhost:3306
 Source Schema         : project

 Target Server Type    : MySQL
 Target Server Version : 50720
 File Encoding         : 65001

 Date: 15/08/2021 16:25:02
*/

SET NAMES utf8mb4;
SET FOREIGN_KEY_CHECKS = 0;

-- ----------------------------
-- Table structure for news
-- ----------------------------
DROP TABLE IF EXISTS `news`;
CREATE TABLE `news`  (
  `id` int(11) NOT NULL AUTO_INCREMENT,
  `time` timestamp(0) NULL DEFAULT NULL,
  `title` varchar(255) CHARACTER SET utf8 COLLATE utf8_general_ci NULL DEFAULT NULL,
  `content` varchar(255) CHARACTER SET utf8 COLLATE utf8_general_ci NULL DEFAULT NULL,
  PRIMARY KEY (`id`) USING BTREE
) ENGINE = InnoDB AUTO_INCREMENT = 5 CHARACTER SET = utf8 COLLATE = utf8_general_ci ROW_FORMAT = Dynamic;

-- ----------------------------
-- Records of news
-- ----------------------------
INSERT INTO `news` VALUES (1, '2021-02-19 18:08:18', '紧急通知', '场馆闭馆消毒1天，预约暂停。');
INSERT INTO `news` VALUES (2, '2021-03-05 15:20:02', '关于场地调整通知', '部分场地暂停预约，请到来之前确认。');
INSERT INTO `news` VALUES (3, '2021-04-19 15:20:39', '场地维护通知', '部分场地周一进行维护，维护期间暂停使用，请悉知。');
INSERT INTO `news` VALUES (4, '2021-05-25 15:21:27', '场地预约优惠', '自1月1日-1月15日，部分场地预约优惠，请联系咨询。');

-- ----------------------------
-- Table structure for place
-- ----------------------------
DROP TABLE IF EXISTS `place`;
CREATE TABLE `place`  (
  `id` int(11) NOT NULL AUTO_INCREMENT,
  `name` varchar(255) CHARACTER SET utf8 COLLATE utf8_general_ci NULL DEFAULT NULL,
  `ename` varchar(255) CHARACTER SET utf8 COLLATE utf8_general_ci NULL DEFAULT NULL,
  `location` varchar(255) CHARACTER SET utf8 COLLATE utf8_general_ci NULL DEFAULT NULL,
  `introduction` text CHARACTER SET utf8 COLLATE utf8_general_ci NULL,
  PRIMARY KEY (`id`) USING BTREE
) ENGINE = InnoDB AUTO_INCREMENT = 6 CHARACTER SET = utf8 COLLATE = utf8_general_ci ROW_FORMAT = Dynamic;

-- ----------------------------
-- Records of place
-- ----------------------------
INSERT INTO `place` VALUES (1, '博雅体育馆', 'boya', '南京路博雅体育馆', '博雅体育馆');
INSERT INTO `place` VALUES (2, '海天体育馆', 'sea', '北京中路海天体育馆', '海天体育馆');
INSERT INTO `place` VALUES (3, '长阳体育馆', 'cy', '金水路长阳体育馆', '长阳体育馆');
INSERT INTO `place` VALUES (4, '环球体育馆', 'huanqiu', '东风路23号', '环球体育馆');
INSERT INTO `place` VALUES (5, '人民体育馆', 'renming', '人民路3号', '人民体育馆');

-- ----------------------------
-- Table structure for placestadium
-- ----------------------------
DROP TABLE IF EXISTS `placestadium`;
CREATE TABLE `placestadium`  (
  `id` int(11) NOT NULL AUTO_INCREMENT,
  `name` varchar(255) CHARACTER SET utf8 COLLATE utf8_general_ci NULL DEFAULT NULL,
  `num` int(11) NULL DEFAULT NULL,
  `fare` int(11) NULL DEFAULT NULL,
  `pid` int(11) NULL DEFAULT NULL,
  PRIMARY KEY (`id`) USING BTREE,
  INDEX `fk_place`(`pid`) USING BTREE,
  CONSTRAINT `fk_place` FOREIGN KEY (`pid`) REFERENCES `place` (`id`) ON DELETE RESTRICT ON UPDATE RESTRICT
) ENGINE = InnoDB AUTO_INCREMENT = 11 CHARACTER SET = utf8 COLLATE = utf8_general_ci ROW_FORMAT = Dynamic;

-- ----------------------------
-- Records of placestadium
-- ----------------------------
INSERT INTO `placestadium` VALUES (1, '羽毛球场', 11, 20, 5);
INSERT INTO `placestadium` VALUES (2, '篮球场', 5, 400, 4);
INSERT INTO `placestadium` VALUES (3, '足球场', 5, 500, 1);
INSERT INTO `placestadium` VALUES (4, '羽毛球场', 2, 100, 1);
INSERT INTO `placestadium` VALUES (5, '篮球场', 5, 150, 1);
INSERT INTO `placestadium` VALUES (6, '篮球场', 6, 100, 2);
INSERT INTO `placestadium` VALUES (7, '足球场', 2, 600, 3);
INSERT INTO `placestadium` VALUES (8, '足球场', 3, 800, 4);
INSERT INTO `placestadium` VALUES (9, '网球场', 9, 300, 4);
INSERT INTO `placestadium` VALUES (10, '乒乓球', 8, 90, 5);

-- ----------------------------
-- Table structure for reserve
-- ----------------------------
DROP TABLE IF EXISTS `reserve`;
CREATE TABLE `reserve`  (
  `id` int(11) NOT NULL AUTO_INCREMENT,
  `time` timestamp(0) NULL DEFAULT NULL,
  `name` varchar(255) CHARACTER SET utf8 COLLATE utf8_general_ci NULL DEFAULT NULL,
  `fare` int(11) NULL DEFAULT NULL,
  `status` varchar(255) CHARACTER SET utf8 COLLATE utf8_general_ci NULL DEFAULT NULL,
  `uid` int(11) NULL DEFAULT NULL,
  PRIMARY KEY (`id`) USING BTREE,
  INDEX `rs_user`(`uid`) USING BTREE,
  CONSTRAINT `rs_user` FOREIGN KEY (`uid`) REFERENCES `user` (`id`) ON DELETE RESTRICT ON UPDATE RESTRICT
) ENGINE = InnoDB AUTO_INCREMENT = 3 CHARACTER SET = utf8 COLLATE = utf8_general_ci ROW_FORMAT = Dynamic;

-- ----------------------------
-- Records of reserve
-- ----------------------------
INSERT INTO `reserve` VALUES (1, '2021-08-15 15:08:48', '测试场地1足球场', 500, '已退款', 2);
INSERT INTO `reserve` VALUES (2, '2021-08-15 15:36:04', '博雅体育馆足球场', 1000, '审核通过', 2);

-- ----------------------------
-- Table structure for reserveitem
-- ----------------------------
DROP TABLE IF EXISTS `reserveitem`;
CREATE TABLE `reserveitem`  (
  `id` int(11) NOT NULL AUTO_INCREMENT,
  `piid` int(11) NULL DEFAULT NULL,
  `rid` int(11) NULL DEFAULT NULL,
  PRIMARY KEY (`id`) USING BTREE,
  INDEX `fk_planItem`(`piid`) USING BTREE,
  INDEX `fk_reserve`(`rid`) USING BTREE,
  CONSTRAINT `fk_planItem` FOREIGN KEY (`piid`) REFERENCES `stadiumplanitem` (`id`) ON DELETE RESTRICT ON UPDATE RESTRICT,
  CONSTRAINT `fk_reserve` FOREIGN KEY (`rid`) REFERENCES `reserve` (`id`) ON DELETE RESTRICT ON UPDATE RESTRICT
) ENGINE = InnoDB AUTO_INCREMENT = 4 CHARACTER SET = utf8 COLLATE = utf8_general_ci ROW_FORMAT = Dynamic;

-- ----------------------------
-- Records of reserveitem
-- ----------------------------
INSERT INTO `reserveitem` VALUES (1, 1, 1);
INSERT INTO `reserveitem` VALUES (2, 2, 2);
INSERT INTO `reserveitem` VALUES (3, 3, 2);

-- ----------------------------
-- Table structure for stadiumplan
-- ----------------------------
DROP TABLE IF EXISTS `stadiumplan`;
CREATE TABLE `stadiumplan`  (
  `id` int(11) NOT NULL AUTO_INCREMENT,
  `inode` int(11) NULL DEFAULT NULL,
  `date` date NULL DEFAULT NULL,
  `psid` int(11) NULL DEFAULT NULL,
  PRIMARY KEY (`id`) USING BTREE,
  INDEX `fk_placeStadium`(`psid`) USING BTREE,
  CONSTRAINT `fk_placeStadium` FOREIGN KEY (`psid`) REFERENCES `placestadium` (`id`) ON DELETE RESTRICT ON UPDATE RESTRICT
) ENGINE = InnoDB AUTO_INCREMENT = 103 CHARACTER SET = utf8 COLLATE = utf8_general_ci ROW_FORMAT = Dynamic;

-- ----------------------------
-- Records of stadiumplan
-- ----------------------------
INSERT INTO `stadiumplan` VALUES (1, 0, '2021-08-15', 3);
INSERT INTO `stadiumplan` VALUES (2, 1, '2021-08-15', 3);
INSERT INTO `stadiumplan` VALUES (3, 2, '2021-08-15', 3);
INSERT INTO `stadiumplan` VALUES (4, 3, '2021-08-15', 3);
INSERT INTO `stadiumplan` VALUES (5, 4, '2021-08-15', 3);
INSERT INTO `stadiumplan` VALUES (6, 0, '2021-08-16', 3);
INSERT INTO `stadiumplan` VALUES (7, 1, '2021-08-16', 3);
INSERT INTO `stadiumplan` VALUES (8, 2, '2021-08-16', 3);
INSERT INTO `stadiumplan` VALUES (9, 3, '2021-08-16', 3);
INSERT INTO `stadiumplan` VALUES (10, 4, '2021-08-16', 3);
INSERT INTO `stadiumplan` VALUES (11, 0, '2021-08-17', 3);
INSERT INTO `stadiumplan` VALUES (12, 1, '2021-08-17', 3);
INSERT INTO `stadiumplan` VALUES (13, 2, '2021-08-17', 3);
INSERT INTO `stadiumplan` VALUES (14, 3, '2021-08-17', 3);
INSERT INTO `stadiumplan` VALUES (15, 4, '2021-08-17', 3);
INSERT INTO `stadiumplan` VALUES (16, 0, '2021-08-15', 2);
INSERT INTO `stadiumplan` VALUES (17, 1, '2021-08-15', 2);
INSERT INTO `stadiumplan` VALUES (18, 2, '2021-08-15', 2);
INSERT INTO `stadiumplan` VALUES (19, 3, '2021-08-15', 2);
INSERT INTO `stadiumplan` VALUES (20, 4, '2021-08-15', 2);
INSERT INTO `stadiumplan` VALUES (21, 0, '2021-08-16', 2);
INSERT INTO `stadiumplan` VALUES (22, 1, '2021-08-16', 2);
INSERT INTO `stadiumplan` VALUES (23, 2, '2021-08-16', 2);
INSERT INTO `stadiumplan` VALUES (24, 3, '2021-08-16', 2);
INSERT INTO `stadiumplan` VALUES (25, 4, '2021-08-16', 2);
INSERT INTO `stadiumplan` VALUES (26, 0, '2021-08-17', 2);
INSERT INTO `stadiumplan` VALUES (27, 1, '2021-08-17', 2);
INSERT INTO `stadiumplan` VALUES (28, 2, '2021-08-17', 2);
INSERT INTO `stadiumplan` VALUES (29, 3, '2021-08-17', 2);
INSERT INTO `stadiumplan` VALUES (30, 4, '2021-08-17', 2);
INSERT INTO `stadiumplan` VALUES (31, 0, '2021-08-15', 1);
INSERT INTO `stadiumplan` VALUES (32, 1, '2021-08-15', 1);
INSERT INTO `stadiumplan` VALUES (33, 2, '2021-08-15', 1);
INSERT INTO `stadiumplan` VALUES (34, 3, '2021-08-15', 1);
INSERT INTO `stadiumplan` VALUES (35, 4, '2021-08-15', 1);
INSERT INTO `stadiumplan` VALUES (36, 5, '2021-08-15', 1);
INSERT INTO `stadiumplan` VALUES (37, 6, '2021-08-15', 1);
INSERT INTO `stadiumplan` VALUES (38, 7, '2021-08-15', 1);
INSERT INTO `stadiumplan` VALUES (39, 8, '2021-08-15', 1);
INSERT INTO `stadiumplan` VALUES (40, 9, '2021-08-15', 1);
INSERT INTO `stadiumplan` VALUES (41, 10, '2021-08-15', 1);
INSERT INTO `stadiumplan` VALUES (42, 0, '2021-08-16', 1);
INSERT INTO `stadiumplan` VALUES (43, 1, '2021-08-16', 1);
INSERT INTO `stadiumplan` VALUES (44, 2, '2021-08-16', 1);
INSERT INTO `stadiumplan` VALUES (45, 3, '2021-08-16', 1);
INSERT INTO `stadiumplan` VALUES (46, 4, '2021-08-16', 1);
INSERT INTO `stadiumplan` VALUES (47, 5, '2021-08-16', 1);
INSERT INTO `stadiumplan` VALUES (48, 6, '2021-08-16', 1);
INSERT INTO `stadiumplan` VALUES (49, 7, '2021-08-16', 1);
INSERT INTO `stadiumplan` VALUES (50, 8, '2021-08-16', 1);
INSERT INTO `stadiumplan` VALUES (51, 9, '2021-08-16', 1);
INSERT INTO `stadiumplan` VALUES (52, 10, '2021-08-16', 1);
INSERT INTO `stadiumplan` VALUES (53, 0, '2021-08-17', 1);
INSERT INTO `stadiumplan` VALUES (54, 1, '2021-08-17', 1);
INSERT INTO `stadiumplan` VALUES (55, 2, '2021-08-17', 1);
INSERT INTO `stadiumplan` VALUES (56, 3, '2021-08-17', 1);
INSERT INTO `stadiumplan` VALUES (57, 4, '2021-08-17', 1);
INSERT INTO `stadiumplan` VALUES (58, 5, '2021-08-17', 1);
INSERT INTO `stadiumplan` VALUES (59, 6, '2021-08-17', 1);
INSERT INTO `stadiumplan` VALUES (60, 7, '2021-08-17', 1);
INSERT INTO `stadiumplan` VALUES (61, 8, '2021-08-17', 1);
INSERT INTO `stadiumplan` VALUES (62, 9, '2021-08-17', 1);
INSERT INTO `stadiumplan` VALUES (63, 10, '2021-08-17', 1);
INSERT INTO `stadiumplan` VALUES (64, 0, '2021-08-15', 6);
INSERT INTO `stadiumplan` VALUES (65, 1, '2021-08-15', 6);
INSERT INTO `stadiumplan` VALUES (66, 2, '2021-08-15', 6);
INSERT INTO `stadiumplan` VALUES (67, 3, '2021-08-15', 6);
INSERT INTO `stadiumplan` VALUES (68, 4, '2021-08-15', 6);
INSERT INTO `stadiumplan` VALUES (69, 5, '2021-08-15', 6);
INSERT INTO `stadiumplan` VALUES (70, 0, '2021-08-16', 6);
INSERT INTO `stadiumplan` VALUES (71, 1, '2021-08-16', 6);
INSERT INTO `stadiumplan` VALUES (72, 2, '2021-08-16', 6);
INSERT INTO `stadiumplan` VALUES (73, 3, '2021-08-16', 6);
INSERT INTO `stadiumplan` VALUES (74, 4, '2021-08-16', 6);
INSERT INTO `stadiumplan` VALUES (75, 5, '2021-08-16', 6);
INSERT INTO `stadiumplan` VALUES (76, 0, '2021-08-17', 6);
INSERT INTO `stadiumplan` VALUES (77, 1, '2021-08-17', 6);
INSERT INTO `stadiumplan` VALUES (78, 2, '2021-08-17', 6);
INSERT INTO `stadiumplan` VALUES (79, 3, '2021-08-17', 6);
INSERT INTO `stadiumplan` VALUES (80, 4, '2021-08-17', 6);
INSERT INTO `stadiumplan` VALUES (81, 5, '2021-08-17', 6);
INSERT INTO `stadiumplan` VALUES (82, 0, '2021-08-15', 7);
INSERT INTO `stadiumplan` VALUES (83, 1, '2021-08-15', 7);
INSERT INTO `stadiumplan` VALUES (84, 0, '2021-08-16', 7);
INSERT INTO `stadiumplan` VALUES (85, 1, '2021-08-16', 7);
INSERT INTO `stadiumplan` VALUES (86, 0, '2021-08-17', 7);
INSERT INTO `stadiumplan` VALUES (87, 1, '2021-08-17', 7);
INSERT INTO `stadiumplan` VALUES (88, 0, '2021-08-15', 5);
INSERT INTO `stadiumplan` VALUES (89, 1, '2021-08-15', 5);
INSERT INTO `stadiumplan` VALUES (90, 2, '2021-08-15', 5);
INSERT INTO `stadiumplan` VALUES (91, 3, '2021-08-15', 5);
INSERT INTO `stadiumplan` VALUES (92, 4, '2021-08-15', 5);
INSERT INTO `stadiumplan` VALUES (93, 0, '2021-08-16', 5);
INSERT INTO `stadiumplan` VALUES (94, 1, '2021-08-16', 5);
INSERT INTO `stadiumplan` VALUES (95, 2, '2021-08-16', 5);
INSERT INTO `stadiumplan` VALUES (96, 3, '2021-08-16', 5);
INSERT INTO `stadiumplan` VALUES (97, 4, '2021-08-16', 5);
INSERT INTO `stadiumplan` VALUES (98, 0, '2021-08-17', 5);
INSERT INTO `stadiumplan` VALUES (99, 1, '2021-08-17', 5);
INSERT INTO `stadiumplan` VALUES (100, 2, '2021-08-17', 5);
INSERT INTO `stadiumplan` VALUES (101, 3, '2021-08-17', 5);
INSERT INTO `stadiumplan` VALUES (102, 4, '2021-08-17', 5);

-- ----------------------------
-- Table structure for stadiumplanitem
-- ----------------------------
DROP TABLE IF EXISTS `stadiumplanitem`;
CREATE TABLE `stadiumplanitem`  (
  `id` int(11) NOT NULL AUTO_INCREMENT,
  `beg` time(0) NULL DEFAULT NULL,
  `end` time(0) NULL DEFAULT NULL,
  `inode` int(11) NULL DEFAULT NULL,
  `status` varchar(255) CHARACTER SET utf8 COLLATE utf8_general_ci NULL DEFAULT NULL,
  `spid` int(11) NULL DEFAULT NULL,
  PRIMARY KEY (`id`) USING BTREE,
  INDEX `fk_stadiumPlan`(`spid`) USING BTREE,
  CONSTRAINT `fk_stadiumPlan` FOREIGN KEY (`spid`) REFERENCES `stadiumplan` (`id`) ON DELETE RESTRICT ON UPDATE RESTRICT
) ENGINE = InnoDB AUTO_INCREMENT = 1327 CHARACTER SET = utf8 COLLATE = utf8_general_ci ROW_FORMAT = Dynamic;

-- ----------------------------
-- Records of stadiumplanitem
-- ----------------------------
INSERT INTO `stadiumplanitem` VALUES (1, '08:00:00', '09:00:00', 0, '已退款', 1);
INSERT INTO `stadiumplanitem` VALUES (2, '09:00:00', '10:00:00', 1, '占用', 1);
INSERT INTO `stadiumplanitem` VALUES (3, '10:00:00', '11:00:00', 2, '占用', 1);
INSERT INTO `stadiumplanitem` VALUES (4, '11:00:00', '12:00:00', 3, '空闲', 1);
INSERT INTO `stadiumplanitem` VALUES (5, '12:00:00', '13:00:00', 4, '空闲', 1);
INSERT INTO `stadiumplanitem` VALUES (6, '13:00:00', '14:00:00', 5, '空闲', 1);
INSERT INTO `stadiumplanitem` VALUES (7, '14:00:00', '15:00:00', 6, '空闲', 1);
INSERT INTO `stadiumplanitem` VALUES (8, '15:00:00', '16:00:00', 7, '空闲', 1);
INSERT INTO `stadiumplanitem` VALUES (9, '16:00:00', '17:00:00', 8, '空闲', 1);
INSERT INTO `stadiumplanitem` VALUES (10, '17:00:00', '18:00:00', 9, '空闲', 1);
INSERT INTO `stadiumplanitem` VALUES (11, '18:00:00', '19:00:00', 10, '空闲', 1);
INSERT INTO `stadiumplanitem` VALUES (12, '19:00:00', '20:00:00', 11, '空闲', 1);
INSERT INTO `stadiumplanitem` VALUES (13, '20:00:00', '21:00:00', 12, '空闲', 1);
INSERT INTO `stadiumplanitem` VALUES (14, '08:00:00', '09:00:00', 0, '维护', 2);
INSERT INTO `stadiumplanitem` VALUES (15, '09:00:00', '10:00:00', 1, '空闲', 2);
INSERT INTO `stadiumplanitem` VALUES (16, '10:00:00', '11:00:00', 2, '空闲', 2);
INSERT INTO `stadiumplanitem` VALUES (17, '11:00:00', '12:00:00', 3, '空闲', 2);
INSERT INTO `stadiumplanitem` VALUES (18, '12:00:00', '13:00:00', 4, '空闲', 2);
INSERT INTO `stadiumplanitem` VALUES (19, '13:00:00', '14:00:00', 5, '空闲', 2);
INSERT INTO `stadiumplanitem` VALUES (20, '14:00:00', '15:00:00', 6, '空闲', 2);
INSERT INTO `stadiumplanitem` VALUES (21, '15:00:00', '16:00:00', 7, '空闲', 2);
INSERT INTO `stadiumplanitem` VALUES (22, '16:00:00', '17:00:00', 8, '空闲', 2);
INSERT INTO `stadiumplanitem` VALUES (23, '17:00:00', '18:00:00', 9, '空闲', 2);
INSERT INTO `stadiumplanitem` VALUES (24, '18:00:00', '19:00:00', 10, '空闲', 2);
INSERT INTO `stadiumplanitem` VALUES (25, '19:00:00', '20:00:00', 11, '空闲', 2);
INSERT INTO `stadiumplanitem` VALUES (26, '20:00:00', '21:00:00', 12, '空闲', 2);
INSERT INTO `stadiumplanitem` VALUES (27, '08:00:00', '09:00:00', 0, '空闲', 3);
INSERT INTO `stadiumplanitem` VALUES (28, '09:00:00', '10:00:00', 1, '空闲', 3);
INSERT INTO `stadiumplanitem` VALUES (29, '10:00:00', '11:00:00', 2, '空闲', 3);
INSERT INTO `stadiumplanitem` VALUES (30, '11:00:00', '12:00:00', 3, '空闲', 3);
INSERT INTO `stadiumplanitem` VALUES (31, '12:00:00', '13:00:00', 4, '空闲', 3);
INSERT INTO `stadiumplanitem` VALUES (32, '13:00:00', '14:00:00', 5, '空闲', 3);
INSERT INTO `stadiumplanitem` VALUES (33, '14:00:00', '15:00:00', 6, '空闲', 3);
INSERT INTO `stadiumplanitem` VALUES (34, '15:00:00', '16:00:00', 7, '空闲', 3);
INSERT INTO `stadiumplanitem` VALUES (35, '16:00:00', '17:00:00', 8, '空闲', 3);
INSERT INTO `stadiumplanitem` VALUES (36, '17:00:00', '18:00:00', 9, '空闲', 3);
INSERT INTO `stadiumplanitem` VALUES (37, '18:00:00', '19:00:00', 10, '空闲', 3);
INSERT INTO `stadiumplanitem` VALUES (38, '19:00:00', '20:00:00', 11, '空闲', 3);
INSERT INTO `stadiumplanitem` VALUES (39, '20:00:00', '21:00:00', 12, '空闲', 3);
INSERT INTO `stadiumplanitem` VALUES (40, '08:00:00', '09:00:00', 0, '空闲', 4);
INSERT INTO `stadiumplanitem` VALUES (41, '09:00:00', '10:00:00', 1, '空闲', 4);
INSERT INTO `stadiumplanitem` VALUES (42, '10:00:00', '11:00:00', 2, '空闲', 4);
INSERT INTO `stadiumplanitem` VALUES (43, '11:00:00', '12:00:00', 3, '空闲', 4);
INSERT INTO `stadiumplanitem` VALUES (44, '12:00:00', '13:00:00', 4, '空闲', 4);
INSERT INTO `stadiumplanitem` VALUES (45, '13:00:00', '14:00:00', 5, '空闲', 4);
INSERT INTO `stadiumplanitem` VALUES (46, '14:00:00', '15:00:00', 6, '空闲', 4);
INSERT INTO `stadiumplanitem` VALUES (47, '15:00:00', '16:00:00', 7, '空闲', 4);
INSERT INTO `stadiumplanitem` VALUES (48, '16:00:00', '17:00:00', 8, '空闲', 4);
INSERT INTO `stadiumplanitem` VALUES (49, '17:00:00', '18:00:00', 9, '空闲', 4);
INSERT INTO `stadiumplanitem` VALUES (50, '18:00:00', '19:00:00', 10, '空闲', 4);
INSERT INTO `stadiumplanitem` VALUES (51, '19:00:00', '20:00:00', 11, '空闲', 4);
INSERT INTO `stadiumplanitem` VALUES (52, '20:00:00', '21:00:00', 12, '空闲', 4);
INSERT INTO `stadiumplanitem` VALUES (53, '08:00:00', '09:00:00', 0, '空闲', 5);
INSERT INTO `stadiumplanitem` VALUES (54, '09:00:00', '10:00:00', 1, '空闲', 5);
INSERT INTO `stadiumplanitem` VALUES (55, '10:00:00', '11:00:00', 2, '空闲', 5);
INSERT INTO `stadiumplanitem` VALUES (56, '11:00:00', '12:00:00', 3, '空闲', 5);
INSERT INTO `stadiumplanitem` VALUES (57, '12:00:00', '13:00:00', 4, '空闲', 5);
INSERT INTO `stadiumplanitem` VALUES (58, '13:00:00', '14:00:00', 5, '空闲', 5);
INSERT INTO `stadiumplanitem` VALUES (59, '14:00:00', '15:00:00', 6, '空闲', 5);
INSERT INTO `stadiumplanitem` VALUES (60, '15:00:00', '16:00:00', 7, '空闲', 5);
INSERT INTO `stadiumplanitem` VALUES (61, '16:00:00', '17:00:00', 8, '空闲', 5);
INSERT INTO `stadiumplanitem` VALUES (62, '17:00:00', '18:00:00', 9, '空闲', 5);
INSERT INTO `stadiumplanitem` VALUES (63, '18:00:00', '19:00:00', 10, '空闲', 5);
INSERT INTO `stadiumplanitem` VALUES (64, '19:00:00', '20:00:00', 11, '空闲', 5);
INSERT INTO `stadiumplanitem` VALUES (65, '20:00:00', '21:00:00', 12, '空闲', 5);
INSERT INTO `stadiumplanitem` VALUES (66, '08:00:00', '09:00:00', 0, '空闲', 6);
INSERT INTO `stadiumplanitem` VALUES (67, '09:00:00', '10:00:00', 1, '空闲', 6);
INSERT INTO `stadiumplanitem` VALUES (68, '10:00:00', '11:00:00', 2, '空闲', 6);
INSERT INTO `stadiumplanitem` VALUES (69, '11:00:00', '12:00:00', 3, '空闲', 6);
INSERT INTO `stadiumplanitem` VALUES (70, '12:00:00', '13:00:00', 4, '空闲', 6);
INSERT INTO `stadiumplanitem` VALUES (71, '13:00:00', '14:00:00', 5, '空闲', 6);
INSERT INTO `stadiumplanitem` VALUES (72, '14:00:00', '15:00:00', 6, '空闲', 6);
INSERT INTO `stadiumplanitem` VALUES (73, '15:00:00', '16:00:00', 7, '空闲', 6);
INSERT INTO `stadiumplanitem` VALUES (74, '16:00:00', '17:00:00', 8, '空闲', 6);
INSERT INTO `stadiumplanitem` VALUES (75, '17:00:00', '18:00:00', 9, '空闲', 6);
INSERT INTO `stadiumplanitem` VALUES (76, '18:00:00', '19:00:00', 10, '空闲', 6);
INSERT INTO `stadiumplanitem` VALUES (77, '19:00:00', '20:00:00', 11, '空闲', 6);
INSERT INTO `stadiumplanitem` VALUES (78, '20:00:00', '21:00:00', 12, '空闲', 6);
INSERT INTO `stadiumplanitem` VALUES (79, '08:00:00', '09:00:00', 0, '空闲', 7);
INSERT INTO `stadiumplanitem` VALUES (80, '09:00:00', '10:00:00', 1, '空闲', 7);
INSERT INTO `stadiumplanitem` VALUES (81, '10:00:00', '11:00:00', 2, '空闲', 7);
INSERT INTO `stadiumplanitem` VALUES (82, '11:00:00', '12:00:00', 3, '空闲', 7);
INSERT INTO `stadiumplanitem` VALUES (83, '12:00:00', '13:00:00', 4, '空闲', 7);
INSERT INTO `stadiumplanitem` VALUES (84, '13:00:00', '14:00:00', 5, '空闲', 7);
INSERT INTO `stadiumplanitem` VALUES (85, '14:00:00', '15:00:00', 6, '空闲', 7);
INSERT INTO `stadiumplanitem` VALUES (86, '15:00:00', '16:00:00', 7, '空闲', 7);
INSERT INTO `stadiumplanitem` VALUES (87, '16:00:00', '17:00:00', 8, '空闲', 7);
INSERT INTO `stadiumplanitem` VALUES (88, '17:00:00', '18:00:00', 9, '空闲', 7);
INSERT INTO `stadiumplanitem` VALUES (89, '18:00:00', '19:00:00', 10, '空闲', 7);
INSERT INTO `stadiumplanitem` VALUES (90, '19:00:00', '20:00:00', 11, '空闲', 7);
INSERT INTO `stadiumplanitem` VALUES (91, '20:00:00', '21:00:00', 12, '空闲', 7);
INSERT INTO `stadiumplanitem` VALUES (92, '08:00:00', '09:00:00', 0, '空闲', 8);
INSERT INTO `stadiumplanitem` VALUES (93, '09:00:00', '10:00:00', 1, '空闲', 8);
INSERT INTO `stadiumplanitem` VALUES (94, '10:00:00', '11:00:00', 2, '空闲', 8);
INSERT INTO `stadiumplanitem` VALUES (95, '11:00:00', '12:00:00', 3, '空闲', 8);
INSERT INTO `stadiumplanitem` VALUES (96, '12:00:00', '13:00:00', 4, '空闲', 8);
INSERT INTO `stadiumplanitem` VALUES (97, '13:00:00', '14:00:00', 5, '空闲', 8);
INSERT INTO `stadiumplanitem` VALUES (98, '14:00:00', '15:00:00', 6, '空闲', 8);
INSERT INTO `stadiumplanitem` VALUES (99, '15:00:00', '16:00:00', 7, '空闲', 8);
INSERT INTO `stadiumplanitem` VALUES (100, '16:00:00', '17:00:00', 8, '空闲', 8);
INSERT INTO `stadiumplanitem` VALUES (101, '17:00:00', '18:00:00', 9, '空闲', 8);
INSERT INTO `stadiumplanitem` VALUES (102, '18:00:00', '19:00:00', 10, '空闲', 8);
INSERT INTO `stadiumplanitem` VALUES (103, '19:00:00', '20:00:00', 11, '空闲', 8);
INSERT INTO `stadiumplanitem` VALUES (104, '20:00:00', '21:00:00', 12, '空闲', 8);
INSERT INTO `stadiumplanitem` VALUES (105, '08:00:00', '09:00:00', 0, '空闲', 9);
INSERT INTO `stadiumplanitem` VALUES (106, '09:00:00', '10:00:00', 1, '空闲', 9);
INSERT INTO `stadiumplanitem` VALUES (107, '10:00:00', '11:00:00', 2, '空闲', 9);
INSERT INTO `stadiumplanitem` VALUES (108, '11:00:00', '12:00:00', 3, '空闲', 9);
INSERT INTO `stadiumplanitem` VALUES (109, '12:00:00', '13:00:00', 4, '空闲', 9);
INSERT INTO `stadiumplanitem` VALUES (110, '13:00:00', '14:00:00', 5, '空闲', 9);
INSERT INTO `stadiumplanitem` VALUES (111, '14:00:00', '15:00:00', 6, '空闲', 9);
INSERT INTO `stadiumplanitem` VALUES (112, '15:00:00', '16:00:00', 7, '空闲', 9);
INSERT INTO `stadiumplanitem` VALUES (113, '16:00:00', '17:00:00', 8, '空闲', 9);
INSERT INTO `stadiumplanitem` VALUES (114, '17:00:00', '18:00:00', 9, '空闲', 9);
INSERT INTO `stadiumplanitem` VALUES (115, '18:00:00', '19:00:00', 10, '空闲', 9);
INSERT INTO `stadiumplanitem` VALUES (116, '19:00:00', '20:00:00', 11, '空闲', 9);
INSERT INTO `stadiumplanitem` VALUES (117, '20:00:00', '21:00:00', 12, '空闲', 9);
INSERT INTO `stadiumplanitem` VALUES (118, '08:00:00', '09:00:00', 0, '空闲', 10);
INSERT INTO `stadiumplanitem` VALUES (119, '09:00:00', '10:00:00', 1, '空闲', 10);
INSERT INTO `stadiumplanitem` VALUES (120, '10:00:00', '11:00:00', 2, '空闲', 10);
INSERT INTO `stadiumplanitem` VALUES (121, '11:00:00', '12:00:00', 3, '空闲', 10);
INSERT INTO `stadiumplanitem` VALUES (122, '12:00:00', '13:00:00', 4, '空闲', 10);
INSERT INTO `stadiumplanitem` VALUES (123, '13:00:00', '14:00:00', 5, '空闲', 10);
INSERT INTO `stadiumplanitem` VALUES (124, '14:00:00', '15:00:00', 6, '空闲', 10);
INSERT INTO `stadiumplanitem` VALUES (125, '15:00:00', '16:00:00', 7, '空闲', 10);
INSERT INTO `stadiumplanitem` VALUES (126, '16:00:00', '17:00:00', 8, '空闲', 10);
INSERT INTO `stadiumplanitem` VALUES (127, '17:00:00', '18:00:00', 9, '空闲', 10);
INSERT INTO `stadiumplanitem` VALUES (128, '18:00:00', '19:00:00', 10, '空闲', 10);
INSERT INTO `stadiumplanitem` VALUES (129, '19:00:00', '20:00:00', 11, '空闲', 10);
INSERT INTO `stadiumplanitem` VALUES (130, '20:00:00', '21:00:00', 12, '空闲', 10);
INSERT INTO `stadiumplanitem` VALUES (131, '08:00:00', '09:00:00', 0, '空闲', 11);
INSERT INTO `stadiumplanitem` VALUES (132, '09:00:00', '10:00:00', 1, '空闲', 11);
INSERT INTO `stadiumplanitem` VALUES (133, '10:00:00', '11:00:00', 2, '空闲', 11);
INSERT INTO `stadiumplanitem` VALUES (134, '11:00:00', '12:00:00', 3, '空闲', 11);
INSERT INTO `stadiumplanitem` VALUES (135, '12:00:00', '13:00:00', 4, '空闲', 11);
INSERT INTO `stadiumplanitem` VALUES (136, '13:00:00', '14:00:00', 5, '空闲', 11);
INSERT INTO `stadiumplanitem` VALUES (137, '14:00:00', '15:00:00', 6, '空闲', 11);
INSERT INTO `stadiumplanitem` VALUES (138, '15:00:00', '16:00:00', 7, '空闲', 11);
INSERT INTO `stadiumplanitem` VALUES (139, '16:00:00', '17:00:00', 8, '空闲', 11);
INSERT INTO `stadiumplanitem` VALUES (140, '17:00:00', '18:00:00', 9, '空闲', 11);
INSERT INTO `stadiumplanitem` VALUES (141, '18:00:00', '19:00:00', 10, '空闲', 11);
INSERT INTO `stadiumplanitem` VALUES (142, '19:00:00', '20:00:00', 11, '空闲', 11);
INSERT INTO `stadiumplanitem` VALUES (143, '20:00:00', '21:00:00', 12, '空闲', 11);
INSERT INTO `stadiumplanitem` VALUES (144, '08:00:00', '09:00:00', 0, '空闲', 12);
INSERT INTO `stadiumplanitem` VALUES (145, '09:00:00', '10:00:00', 1, '空闲', 12);
INSERT INTO `stadiumplanitem` VALUES (146, '10:00:00', '11:00:00', 2, '空闲', 12);
INSERT INTO `stadiumplanitem` VALUES (147, '11:00:00', '12:00:00', 3, '空闲', 12);
INSERT INTO `stadiumplanitem` VALUES (148, '12:00:00', '13:00:00', 4, '空闲', 12);
INSERT INTO `stadiumplanitem` VALUES (149, '13:00:00', '14:00:00', 5, '空闲', 12);
INSERT INTO `stadiumplanitem` VALUES (150, '14:00:00', '15:00:00', 6, '空闲', 12);
INSERT INTO `stadiumplanitem` VALUES (151, '15:00:00', '16:00:00', 7, '空闲', 12);
INSERT INTO `stadiumplanitem` VALUES (152, '16:00:00', '17:00:00', 8, '空闲', 12);
INSERT INTO `stadiumplanitem` VALUES (153, '17:00:00', '18:00:00', 9, '空闲', 12);
INSERT INTO `stadiumplanitem` VALUES (154, '18:00:00', '19:00:00', 10, '空闲', 12);
INSERT INTO `stadiumplanitem` VALUES (155, '19:00:00', '20:00:00', 11, '空闲', 12);
INSERT INTO `stadiumplanitem` VALUES (156, '20:00:00', '21:00:00', 12, '空闲', 12);
INSERT INTO `stadiumplanitem` VALUES (157, '08:00:00', '09:00:00', 0, '空闲', 13);
INSERT INTO `stadiumplanitem` VALUES (158, '09:00:00', '10:00:00', 1, '空闲', 13);
INSERT INTO `stadiumplanitem` VALUES (159, '10:00:00', '11:00:00', 2, '空闲', 13);
INSERT INTO `stadiumplanitem` VALUES (160, '11:00:00', '12:00:00', 3, '空闲', 13);
INSERT INTO `stadiumplanitem` VALUES (161, '12:00:00', '13:00:00', 4, '空闲', 13);
INSERT INTO `stadiumplanitem` VALUES (162, '13:00:00', '14:00:00', 5, '空闲', 13);
INSERT INTO `stadiumplanitem` VALUES (163, '14:00:00', '15:00:00', 6, '空闲', 13);
INSERT INTO `stadiumplanitem` VALUES (164, '15:00:00', '16:00:00', 7, '空闲', 13);
INSERT INTO `stadiumplanitem` VALUES (165, '16:00:00', '17:00:00', 8, '空闲', 13);
INSERT INTO `stadiumplanitem` VALUES (166, '17:00:00', '18:00:00', 9, '空闲', 13);
INSERT INTO `stadiumplanitem` VALUES (167, '18:00:00', '19:00:00', 10, '空闲', 13);
INSERT INTO `stadiumplanitem` VALUES (168, '19:00:00', '20:00:00', 11, '空闲', 13);
INSERT INTO `stadiumplanitem` VALUES (169, '20:00:00', '21:00:00', 12, '空闲', 13);
INSERT INTO `stadiumplanitem` VALUES (170, '08:00:00', '09:00:00', 0, '空闲', 14);
INSERT INTO `stadiumplanitem` VALUES (171, '09:00:00', '10:00:00', 1, '空闲', 14);
INSERT INTO `stadiumplanitem` VALUES (172, '10:00:00', '11:00:00', 2, '空闲', 14);
INSERT INTO `stadiumplanitem` VALUES (173, '11:00:00', '12:00:00', 3, '空闲', 14);
INSERT INTO `stadiumplanitem` VALUES (174, '12:00:00', '13:00:00', 4, '空闲', 14);
INSERT INTO `stadiumplanitem` VALUES (175, '13:00:00', '14:00:00', 5, '空闲', 14);
INSERT INTO `stadiumplanitem` VALUES (176, '14:00:00', '15:00:00', 6, '空闲', 14);
INSERT INTO `stadiumplanitem` VALUES (177, '15:00:00', '16:00:00', 7, '空闲', 14);
INSERT INTO `stadiumplanitem` VALUES (178, '16:00:00', '17:00:00', 8, '空闲', 14);
INSERT INTO `stadiumplanitem` VALUES (179, '17:00:00', '18:00:00', 9, '空闲', 14);
INSERT INTO `stadiumplanitem` VALUES (180, '18:00:00', '19:00:00', 10, '空闲', 14);
INSERT INTO `stadiumplanitem` VALUES (181, '19:00:00', '20:00:00', 11, '空闲', 14);
INSERT INTO `stadiumplanitem` VALUES (182, '20:00:00', '21:00:00', 12, '空闲', 14);
INSERT INTO `stadiumplanitem` VALUES (183, '08:00:00', '09:00:00', 0, '空闲', 15);
INSERT INTO `stadiumplanitem` VALUES (184, '09:00:00', '10:00:00', 1, '空闲', 15);
INSERT INTO `stadiumplanitem` VALUES (185, '10:00:00', '11:00:00', 2, '空闲', 15);
INSERT INTO `stadiumplanitem` VALUES (186, '11:00:00', '12:00:00', 3, '空闲', 15);
INSERT INTO `stadiumplanitem` VALUES (187, '12:00:00', '13:00:00', 4, '空闲', 15);
INSERT INTO `stadiumplanitem` VALUES (188, '13:00:00', '14:00:00', 5, '空闲', 15);
INSERT INTO `stadiumplanitem` VALUES (189, '14:00:00', '15:00:00', 6, '空闲', 15);
INSERT INTO `stadiumplanitem` VALUES (190, '15:00:00', '16:00:00', 7, '空闲', 15);
INSERT INTO `stadiumplanitem` VALUES (191, '16:00:00', '17:00:00', 8, '空闲', 15);
INSERT INTO `stadiumplanitem` VALUES (192, '17:00:00', '18:00:00', 9, '空闲', 15);
INSERT INTO `stadiumplanitem` VALUES (193, '18:00:00', '19:00:00', 10, '空闲', 15);
INSERT INTO `stadiumplanitem` VALUES (194, '19:00:00', '20:00:00', 11, '空闲', 15);
INSERT INTO `stadiumplanitem` VALUES (195, '20:00:00', '21:00:00', 12, '空闲', 15);
INSERT INTO `stadiumplanitem` VALUES (196, '08:00:00', '09:00:00', 0, '空闲', 16);
INSERT INTO `stadiumplanitem` VALUES (197, '09:00:00', '10:00:00', 1, '空闲', 16);
INSERT INTO `stadiumplanitem` VALUES (198, '10:00:00', '11:00:00', 2, '空闲', 16);
INSERT INTO `stadiumplanitem` VALUES (199, '11:00:00', '12:00:00', 3, '空闲', 16);
INSERT INTO `stadiumplanitem` VALUES (200, '12:00:00', '13:00:00', 4, '空闲', 16);
INSERT INTO `stadiumplanitem` VALUES (201, '13:00:00', '14:00:00', 5, '空闲', 16);
INSERT INTO `stadiumplanitem` VALUES (202, '14:00:00', '15:00:00', 6, '空闲', 16);
INSERT INTO `stadiumplanitem` VALUES (203, '15:00:00', '16:00:00', 7, '空闲', 16);
INSERT INTO `stadiumplanitem` VALUES (204, '16:00:00', '17:00:00', 8, '空闲', 16);
INSERT INTO `stadiumplanitem` VALUES (205, '17:00:00', '18:00:00', 9, '空闲', 16);
INSERT INTO `stadiumplanitem` VALUES (206, '18:00:00', '19:00:00', 10, '空闲', 16);
INSERT INTO `stadiumplanitem` VALUES (207, '19:00:00', '20:00:00', 11, '空闲', 16);
INSERT INTO `stadiumplanitem` VALUES (208, '20:00:00', '21:00:00', 12, '空闲', 16);
INSERT INTO `stadiumplanitem` VALUES (209, '08:00:00', '09:00:00', 0, '空闲', 17);
INSERT INTO `stadiumplanitem` VALUES (210, '09:00:00', '10:00:00', 1, '空闲', 17);
INSERT INTO `stadiumplanitem` VALUES (211, '10:00:00', '11:00:00', 2, '空闲', 17);
INSERT INTO `stadiumplanitem` VALUES (212, '11:00:00', '12:00:00', 3, '空闲', 17);
INSERT INTO `stadiumplanitem` VALUES (213, '12:00:00', '13:00:00', 4, '空闲', 17);
INSERT INTO `stadiumplanitem` VALUES (214, '13:00:00', '14:00:00', 5, '空闲', 17);
INSERT INTO `stadiumplanitem` VALUES (215, '14:00:00', '15:00:00', 6, '空闲', 17);
INSERT INTO `stadiumplanitem` VALUES (216, '15:00:00', '16:00:00', 7, '空闲', 17);
INSERT INTO `stadiumplanitem` VALUES (217, '16:00:00', '17:00:00', 8, '空闲', 17);
INSERT INTO `stadiumplanitem` VALUES (218, '17:00:00', '18:00:00', 9, '空闲', 17);
INSERT INTO `stadiumplanitem` VALUES (219, '18:00:00', '19:00:00', 10, '空闲', 17);
INSERT INTO `stadiumplanitem` VALUES (220, '19:00:00', '20:00:00', 11, '空闲', 17);
INSERT INTO `stadiumplanitem` VALUES (221, '20:00:00', '21:00:00', 12, '空闲', 17);
INSERT INTO `stadiumplanitem` VALUES (222, '08:00:00', '09:00:00', 0, '空闲', 18);
INSERT INTO `stadiumplanitem` VALUES (223, '09:00:00', '10:00:00', 1, '空闲', 18);
INSERT INTO `stadiumplanitem` VALUES (224, '10:00:00', '11:00:00', 2, '空闲', 18);
INSERT INTO `stadiumplanitem` VALUES (225, '11:00:00', '12:00:00', 3, '空闲', 18);
INSERT INTO `stadiumplanitem` VALUES (226, '12:00:00', '13:00:00', 4, '空闲', 18);
INSERT INTO `stadiumplanitem` VALUES (227, '13:00:00', '14:00:00', 5, '空闲', 18);
INSERT INTO `stadiumplanitem` VALUES (228, '14:00:00', '15:00:00', 6, '空闲', 18);
INSERT INTO `stadiumplanitem` VALUES (229, '15:00:00', '16:00:00', 7, '空闲', 18);
INSERT INTO `stadiumplanitem` VALUES (230, '16:00:00', '17:00:00', 8, '空闲', 18);
INSERT INTO `stadiumplanitem` VALUES (231, '17:00:00', '18:00:00', 9, '空闲', 18);
INSERT INTO `stadiumplanitem` VALUES (232, '18:00:00', '19:00:00', 10, '空闲', 18);
INSERT INTO `stadiumplanitem` VALUES (233, '19:00:00', '20:00:00', 11, '空闲', 18);
INSERT INTO `stadiumplanitem` VALUES (234, '20:00:00', '21:00:00', 12, '空闲', 18);
INSERT INTO `stadiumplanitem` VALUES (235, '08:00:00', '09:00:00', 0, '空闲', 19);
INSERT INTO `stadiumplanitem` VALUES (236, '09:00:00', '10:00:00', 1, '空闲', 19);
INSERT INTO `stadiumplanitem` VALUES (237, '10:00:00', '11:00:00', 2, '空闲', 19);
INSERT INTO `stadiumplanitem` VALUES (238, '11:00:00', '12:00:00', 3, '空闲', 19);
INSERT INTO `stadiumplanitem` VALUES (239, '12:00:00', '13:00:00', 4, '空闲', 19);
INSERT INTO `stadiumplanitem` VALUES (240, '13:00:00', '14:00:00', 5, '空闲', 19);
INSERT INTO `stadiumplanitem` VALUES (241, '14:00:00', '15:00:00', 6, '空闲', 19);
INSERT INTO `stadiumplanitem` VALUES (242, '15:00:00', '16:00:00', 7, '空闲', 19);
INSERT INTO `stadiumplanitem` VALUES (243, '16:00:00', '17:00:00', 8, '空闲', 19);
INSERT INTO `stadiumplanitem` VALUES (244, '17:00:00', '18:00:00', 9, '空闲', 19);
INSERT INTO `stadiumplanitem` VALUES (245, '18:00:00', '19:00:00', 10, '空闲', 19);
INSERT INTO `stadiumplanitem` VALUES (246, '19:00:00', '20:00:00', 11, '空闲', 19);
INSERT INTO `stadiumplanitem` VALUES (247, '20:00:00', '21:00:00', 12, '空闲', 19);
INSERT INTO `stadiumplanitem` VALUES (248, '08:00:00', '09:00:00', 0, '空闲', 20);
INSERT INTO `stadiumplanitem` VALUES (249, '09:00:00', '10:00:00', 1, '空闲', 20);
INSERT INTO `stadiumplanitem` VALUES (250, '10:00:00', '11:00:00', 2, '空闲', 20);
INSERT INTO `stadiumplanitem` VALUES (251, '11:00:00', '12:00:00', 3, '空闲', 20);
INSERT INTO `stadiumplanitem` VALUES (252, '12:00:00', '13:00:00', 4, '空闲', 20);
INSERT INTO `stadiumplanitem` VALUES (253, '13:00:00', '14:00:00', 5, '空闲', 20);
INSERT INTO `stadiumplanitem` VALUES (254, '14:00:00', '15:00:00', 6, '空闲', 20);
INSERT INTO `stadiumplanitem` VALUES (255, '15:00:00', '16:00:00', 7, '空闲', 20);
INSERT INTO `stadiumplanitem` VALUES (256, '16:00:00', '17:00:00', 8, '空闲', 20);
INSERT INTO `stadiumplanitem` VALUES (257, '17:00:00', '18:00:00', 9, '空闲', 20);
INSERT INTO `stadiumplanitem` VALUES (258, '18:00:00', '19:00:00', 10, '空闲', 20);
INSERT INTO `stadiumplanitem` VALUES (259, '19:00:00', '20:00:00', 11, '空闲', 20);
INSERT INTO `stadiumplanitem` VALUES (260, '20:00:00', '21:00:00', 12, '空闲', 20);
INSERT INTO `stadiumplanitem` VALUES (261, '08:00:00', '09:00:00', 0, '空闲', 21);
INSERT INTO `stadiumplanitem` VALUES (262, '09:00:00', '10:00:00', 1, '空闲', 21);
INSERT INTO `stadiumplanitem` VALUES (263, '10:00:00', '11:00:00', 2, '空闲', 21);
INSERT INTO `stadiumplanitem` VALUES (264, '11:00:00', '12:00:00', 3, '空闲', 21);
INSERT INTO `stadiumplanitem` VALUES (265, '12:00:00', '13:00:00', 4, '空闲', 21);
INSERT INTO `stadiumplanitem` VALUES (266, '13:00:00', '14:00:00', 5, '空闲', 21);
INSERT INTO `stadiumplanitem` VALUES (267, '14:00:00', '15:00:00', 6, '空闲', 21);
INSERT INTO `stadiumplanitem` VALUES (268, '15:00:00', '16:00:00', 7, '空闲', 21);
INSERT INTO `stadiumplanitem` VALUES (269, '16:00:00', '17:00:00', 8, '空闲', 21);
INSERT INTO `stadiumplanitem` VALUES (270, '17:00:00', '18:00:00', 9, '空闲', 21);
INSERT INTO `stadiumplanitem` VALUES (271, '18:00:00', '19:00:00', 10, '空闲', 21);
INSERT INTO `stadiumplanitem` VALUES (272, '19:00:00', '20:00:00', 11, '空闲', 21);
INSERT INTO `stadiumplanitem` VALUES (273, '20:00:00', '21:00:00', 12, '空闲', 21);
INSERT INTO `stadiumplanitem` VALUES (274, '08:00:00', '09:00:00', 0, '空闲', 22);
INSERT INTO `stadiumplanitem` VALUES (275, '09:00:00', '10:00:00', 1, '空闲', 22);
INSERT INTO `stadiumplanitem` VALUES (276, '10:00:00', '11:00:00', 2, '空闲', 22);
INSERT INTO `stadiumplanitem` VALUES (277, '11:00:00', '12:00:00', 3, '空闲', 22);
INSERT INTO `stadiumplanitem` VALUES (278, '12:00:00', '13:00:00', 4, '空闲', 22);
INSERT INTO `stadiumplanitem` VALUES (279, '13:00:00', '14:00:00', 5, '空闲', 22);
INSERT INTO `stadiumplanitem` VALUES (280, '14:00:00', '15:00:00', 6, '空闲', 22);
INSERT INTO `stadiumplanitem` VALUES (281, '15:00:00', '16:00:00', 7, '空闲', 22);
INSERT INTO `stadiumplanitem` VALUES (282, '16:00:00', '17:00:00', 8, '空闲', 22);
INSERT INTO `stadiumplanitem` VALUES (283, '17:00:00', '18:00:00', 9, '空闲', 22);
INSERT INTO `stadiumplanitem` VALUES (284, '18:00:00', '19:00:00', 10, '空闲', 22);
INSERT INTO `stadiumplanitem` VALUES (285, '19:00:00', '20:00:00', 11, '空闲', 22);
INSERT INTO `stadiumplanitem` VALUES (286, '20:00:00', '21:00:00', 12, '空闲', 22);
INSERT INTO `stadiumplanitem` VALUES (287, '08:00:00', '09:00:00', 0, '空闲', 23);
INSERT INTO `stadiumplanitem` VALUES (288, '09:00:00', '10:00:00', 1, '空闲', 23);
INSERT INTO `stadiumplanitem` VALUES (289, '10:00:00', '11:00:00', 2, '空闲', 23);
INSERT INTO `stadiumplanitem` VALUES (290, '11:00:00', '12:00:00', 3, '空闲', 23);
INSERT INTO `stadiumplanitem` VALUES (291, '12:00:00', '13:00:00', 4, '空闲', 23);
INSERT INTO `stadiumplanitem` VALUES (292, '13:00:00', '14:00:00', 5, '空闲', 23);
INSERT INTO `stadiumplanitem` VALUES (293, '14:00:00', '15:00:00', 6, '空闲', 23);
INSERT INTO `stadiumplanitem` VALUES (294, '15:00:00', '16:00:00', 7, '空闲', 23);
INSERT INTO `stadiumplanitem` VALUES (295, '16:00:00', '17:00:00', 8, '空闲', 23);
INSERT INTO `stadiumplanitem` VALUES (296, '17:00:00', '18:00:00', 9, '空闲', 23);
INSERT INTO `stadiumplanitem` VALUES (297, '18:00:00', '19:00:00', 10, '空闲', 23);
INSERT INTO `stadiumplanitem` VALUES (298, '19:00:00', '20:00:00', 11, '空闲', 23);
INSERT INTO `stadiumplanitem` VALUES (299, '20:00:00', '21:00:00', 12, '空闲', 23);
INSERT INTO `stadiumplanitem` VALUES (300, '08:00:00', '09:00:00', 0, '空闲', 24);
INSERT INTO `stadiumplanitem` VALUES (301, '09:00:00', '10:00:00', 1, '空闲', 24);
INSERT INTO `stadiumplanitem` VALUES (302, '10:00:00', '11:00:00', 2, '空闲', 24);
INSERT INTO `stadiumplanitem` VALUES (303, '11:00:00', '12:00:00', 3, '空闲', 24);
INSERT INTO `stadiumplanitem` VALUES (304, '12:00:00', '13:00:00', 4, '空闲', 24);
INSERT INTO `stadiumplanitem` VALUES (305, '13:00:00', '14:00:00', 5, '空闲', 24);
INSERT INTO `stadiumplanitem` VALUES (306, '14:00:00', '15:00:00', 6, '空闲', 24);
INSERT INTO `stadiumplanitem` VALUES (307, '15:00:00', '16:00:00', 7, '空闲', 24);
INSERT INTO `stadiumplanitem` VALUES (308, '16:00:00', '17:00:00', 8, '空闲', 24);
INSERT INTO `stadiumplanitem` VALUES (309, '17:00:00', '18:00:00', 9, '空闲', 24);
INSERT INTO `stadiumplanitem` VALUES (310, '18:00:00', '19:00:00', 10, '空闲', 24);
INSERT INTO `stadiumplanitem` VALUES (311, '19:00:00', '20:00:00', 11, '空闲', 24);
INSERT INTO `stadiumplanitem` VALUES (312, '20:00:00', '21:00:00', 12, '空闲', 24);
INSERT INTO `stadiumplanitem` VALUES (313, '08:00:00', '09:00:00', 0, '空闲', 25);
INSERT INTO `stadiumplanitem` VALUES (314, '09:00:00', '10:00:00', 1, '空闲', 25);
INSERT INTO `stadiumplanitem` VALUES (315, '10:00:00', '11:00:00', 2, '空闲', 25);
INSERT INTO `stadiumplanitem` VALUES (316, '11:00:00', '12:00:00', 3, '空闲', 25);
INSERT INTO `stadiumplanitem` VALUES (317, '12:00:00', '13:00:00', 4, '空闲', 25);
INSERT INTO `stadiumplanitem` VALUES (318, '13:00:00', '14:00:00', 5, '空闲', 25);
INSERT INTO `stadiumplanitem` VALUES (319, '14:00:00', '15:00:00', 6, '空闲', 25);
INSERT INTO `stadiumplanitem` VALUES (320, '15:00:00', '16:00:00', 7, '空闲', 25);
INSERT INTO `stadiumplanitem` VALUES (321, '16:00:00', '17:00:00', 8, '空闲', 25);
INSERT INTO `stadiumplanitem` VALUES (322, '17:00:00', '18:00:00', 9, '空闲', 25);
INSERT INTO `stadiumplanitem` VALUES (323, '18:00:00', '19:00:00', 10, '空闲', 25);
INSERT INTO `stadiumplanitem` VALUES (324, '19:00:00', '20:00:00', 11, '空闲', 25);
INSERT INTO `stadiumplanitem` VALUES (325, '20:00:00', '21:00:00', 12, '空闲', 25);
INSERT INTO `stadiumplanitem` VALUES (326, '08:00:00', '09:00:00', 0, '空闲', 26);
INSERT INTO `stadiumplanitem` VALUES (327, '09:00:00', '10:00:00', 1, '空闲', 26);
INSERT INTO `stadiumplanitem` VALUES (328, '10:00:00', '11:00:00', 2, '空闲', 26);
INSERT INTO `stadiumplanitem` VALUES (329, '11:00:00', '12:00:00', 3, '空闲', 26);
INSERT INTO `stadiumplanitem` VALUES (330, '12:00:00', '13:00:00', 4, '空闲', 26);
INSERT INTO `stadiumplanitem` VALUES (331, '13:00:00', '14:00:00', 5, '空闲', 26);
INSERT INTO `stadiumplanitem` VALUES (332, '14:00:00', '15:00:00', 6, '空闲', 26);
INSERT INTO `stadiumplanitem` VALUES (333, '15:00:00', '16:00:00', 7, '空闲', 26);
INSERT INTO `stadiumplanitem` VALUES (334, '16:00:00', '17:00:00', 8, '空闲', 26);
INSERT INTO `stadiumplanitem` VALUES (335, '17:00:00', '18:00:00', 9, '空闲', 26);
INSERT INTO `stadiumplanitem` VALUES (336, '18:00:00', '19:00:00', 10, '空闲', 26);
INSERT INTO `stadiumplanitem` VALUES (337, '19:00:00', '20:00:00', 11, '空闲', 26);
INSERT INTO `stadiumplanitem` VALUES (338, '20:00:00', '21:00:00', 12, '空闲', 26);
INSERT INTO `stadiumplanitem` VALUES (339, '08:00:00', '09:00:00', 0, '空闲', 27);
INSERT INTO `stadiumplanitem` VALUES (340, '09:00:00', '10:00:00', 1, '空闲', 27);
INSERT INTO `stadiumplanitem` VALUES (341, '10:00:00', '11:00:00', 2, '空闲', 27);
INSERT INTO `stadiumplanitem` VALUES (342, '11:00:00', '12:00:00', 3, '空闲', 27);
INSERT INTO `stadiumplanitem` VALUES (343, '12:00:00', '13:00:00', 4, '空闲', 27);
INSERT INTO `stadiumplanitem` VALUES (344, '13:00:00', '14:00:00', 5, '空闲', 27);
INSERT INTO `stadiumplanitem` VALUES (345, '14:00:00', '15:00:00', 6, '空闲', 27);
INSERT INTO `stadiumplanitem` VALUES (346, '15:00:00', '16:00:00', 7, '空闲', 27);
INSERT INTO `stadiumplanitem` VALUES (347, '16:00:00', '17:00:00', 8, '空闲', 27);
INSERT INTO `stadiumplanitem` VALUES (348, '17:00:00', '18:00:00', 9, '空闲', 27);
INSERT INTO `stadiumplanitem` VALUES (349, '18:00:00', '19:00:00', 10, '空闲', 27);
INSERT INTO `stadiumplanitem` VALUES (350, '19:00:00', '20:00:00', 11, '空闲', 27);
INSERT INTO `stadiumplanitem` VALUES (351, '20:00:00', '21:00:00', 12, '空闲', 27);
INSERT INTO `stadiumplanitem` VALUES (352, '08:00:00', '09:00:00', 0, '空闲', 28);
INSERT INTO `stadiumplanitem` VALUES (353, '09:00:00', '10:00:00', 1, '空闲', 28);
INSERT INTO `stadiumplanitem` VALUES (354, '10:00:00', '11:00:00', 2, '空闲', 28);
INSERT INTO `stadiumplanitem` VALUES (355, '11:00:00', '12:00:00', 3, '空闲', 28);
INSERT INTO `stadiumplanitem` VALUES (356, '12:00:00', '13:00:00', 4, '空闲', 28);
INSERT INTO `stadiumplanitem` VALUES (357, '13:00:00', '14:00:00', 5, '空闲', 28);
INSERT INTO `stadiumplanitem` VALUES (358, '14:00:00', '15:00:00', 6, '空闲', 28);
INSERT INTO `stadiumplanitem` VALUES (359, '15:00:00', '16:00:00', 7, '空闲', 28);
INSERT INTO `stadiumplanitem` VALUES (360, '16:00:00', '17:00:00', 8, '空闲', 28);
INSERT INTO `stadiumplanitem` VALUES (361, '17:00:00', '18:00:00', 9, '空闲', 28);
INSERT INTO `stadiumplanitem` VALUES (362, '18:00:00', '19:00:00', 10, '空闲', 28);
INSERT INTO `stadiumplanitem` VALUES (363, '19:00:00', '20:00:00', 11, '空闲', 28);
INSERT INTO `stadiumplanitem` VALUES (364, '20:00:00', '21:00:00', 12, '空闲', 28);
INSERT INTO `stadiumplanitem` VALUES (365, '08:00:00', '09:00:00', 0, '空闲', 29);
INSERT INTO `stadiumplanitem` VALUES (366, '09:00:00', '10:00:00', 1, '空闲', 29);
INSERT INTO `stadiumplanitem` VALUES (367, '10:00:00', '11:00:00', 2, '空闲', 29);
INSERT INTO `stadiumplanitem` VALUES (368, '11:00:00', '12:00:00', 3, '空闲', 29);
INSERT INTO `stadiumplanitem` VALUES (369, '12:00:00', '13:00:00', 4, '空闲', 29);
INSERT INTO `stadiumplanitem` VALUES (370, '13:00:00', '14:00:00', 5, '空闲', 29);
INSERT INTO `stadiumplanitem` VALUES (371, '14:00:00', '15:00:00', 6, '空闲', 29);
INSERT INTO `stadiumplanitem` VALUES (372, '15:00:00', '16:00:00', 7, '空闲', 29);
INSERT INTO `stadiumplanitem` VALUES (373, '16:00:00', '17:00:00', 8, '空闲', 29);
INSERT INTO `stadiumplanitem` VALUES (374, '17:00:00', '18:00:00', 9, '空闲', 29);
INSERT INTO `stadiumplanitem` VALUES (375, '18:00:00', '19:00:00', 10, '空闲', 29);
INSERT INTO `stadiumplanitem` VALUES (376, '19:00:00', '20:00:00', 11, '空闲', 29);
INSERT INTO `stadiumplanitem` VALUES (377, '20:00:00', '21:00:00', 12, '空闲', 29);
INSERT INTO `stadiumplanitem` VALUES (378, '08:00:00', '09:00:00', 0, '空闲', 30);
INSERT INTO `stadiumplanitem` VALUES (379, '09:00:00', '10:00:00', 1, '空闲', 30);
INSERT INTO `stadiumplanitem` VALUES (380, '10:00:00', '11:00:00', 2, '空闲', 30);
INSERT INTO `stadiumplanitem` VALUES (381, '11:00:00', '12:00:00', 3, '空闲', 30);
INSERT INTO `stadiumplanitem` VALUES (382, '12:00:00', '13:00:00', 4, '空闲', 30);
INSERT INTO `stadiumplanitem` VALUES (383, '13:00:00', '14:00:00', 5, '空闲', 30);
INSERT INTO `stadiumplanitem` VALUES (384, '14:00:00', '15:00:00', 6, '空闲', 30);
INSERT INTO `stadiumplanitem` VALUES (385, '15:00:00', '16:00:00', 7, '空闲', 30);
INSERT INTO `stadiumplanitem` VALUES (386, '16:00:00', '17:00:00', 8, '空闲', 30);
INSERT INTO `stadiumplanitem` VALUES (387, '17:00:00', '18:00:00', 9, '空闲', 30);
INSERT INTO `stadiumplanitem` VALUES (388, '18:00:00', '19:00:00', 10, '空闲', 30);
INSERT INTO `stadiumplanitem` VALUES (389, '19:00:00', '20:00:00', 11, '空闲', 30);
INSERT INTO `stadiumplanitem` VALUES (390, '20:00:00', '21:00:00', 12, '空闲', 30);
INSERT INTO `stadiumplanitem` VALUES (391, '08:00:00', '09:00:00', 0, '空闲', 31);
INSERT INTO `stadiumplanitem` VALUES (392, '09:00:00', '10:00:00', 1, '空闲', 31);
INSERT INTO `stadiumplanitem` VALUES (393, '10:00:00', '11:00:00', 2, '空闲', 31);
INSERT INTO `stadiumplanitem` VALUES (394, '11:00:00', '12:00:00', 3, '空闲', 31);
INSERT INTO `stadiumplanitem` VALUES (395, '12:00:00', '13:00:00', 4, '空闲', 31);
INSERT INTO `stadiumplanitem` VALUES (396, '13:00:00', '14:00:00', 5, '空闲', 31);
INSERT INTO `stadiumplanitem` VALUES (397, '14:00:00', '15:00:00', 6, '空闲', 31);
INSERT INTO `stadiumplanitem` VALUES (398, '15:00:00', '16:00:00', 7, '空闲', 31);
INSERT INTO `stadiumplanitem` VALUES (399, '16:00:00', '17:00:00', 8, '空闲', 31);
INSERT INTO `stadiumplanitem` VALUES (400, '17:00:00', '18:00:00', 9, '空闲', 31);
INSERT INTO `stadiumplanitem` VALUES (401, '18:00:00', '19:00:00', 10, '空闲', 31);
INSERT INTO `stadiumplanitem` VALUES (402, '19:00:00', '20:00:00', 11, '空闲', 31);
INSERT INTO `stadiumplanitem` VALUES (403, '20:00:00', '21:00:00', 12, '空闲', 31);
INSERT INTO `stadiumplanitem` VALUES (404, '08:00:00', '09:00:00', 0, '空闲', 32);
INSERT INTO `stadiumplanitem` VALUES (405, '09:00:00', '10:00:00', 1, '空闲', 32);
INSERT INTO `stadiumplanitem` VALUES (406, '10:00:00', '11:00:00', 2, '空闲', 32);
INSERT INTO `stadiumplanitem` VALUES (407, '11:00:00', '12:00:00', 3, '空闲', 32);
INSERT INTO `stadiumplanitem` VALUES (408, '12:00:00', '13:00:00', 4, '空闲', 32);
INSERT INTO `stadiumplanitem` VALUES (409, '13:00:00', '14:00:00', 5, '空闲', 32);
INSERT INTO `stadiumplanitem` VALUES (410, '14:00:00', '15:00:00', 6, '空闲', 32);
INSERT INTO `stadiumplanitem` VALUES (411, '15:00:00', '16:00:00', 7, '空闲', 32);
INSERT INTO `stadiumplanitem` VALUES (412, '16:00:00', '17:00:00', 8, '空闲', 32);
INSERT INTO `stadiumplanitem` VALUES (413, '17:00:00', '18:00:00', 9, '空闲', 32);
INSERT INTO `stadiumplanitem` VALUES (414, '18:00:00', '19:00:00', 10, '空闲', 32);
INSERT INTO `stadiumplanitem` VALUES (415, '19:00:00', '20:00:00', 11, '空闲', 32);
INSERT INTO `stadiumplanitem` VALUES (416, '20:00:00', '21:00:00', 12, '空闲', 32);
INSERT INTO `stadiumplanitem` VALUES (417, '08:00:00', '09:00:00', 0, '空闲', 33);
INSERT INTO `stadiumplanitem` VALUES (418, '09:00:00', '10:00:00', 1, '空闲', 33);
INSERT INTO `stadiumplanitem` VALUES (419, '10:00:00', '11:00:00', 2, '空闲', 33);
INSERT INTO `stadiumplanitem` VALUES (420, '11:00:00', '12:00:00', 3, '空闲', 33);
INSERT INTO `stadiumplanitem` VALUES (421, '12:00:00', '13:00:00', 4, '空闲', 33);
INSERT INTO `stadiumplanitem` VALUES (422, '13:00:00', '14:00:00', 5, '空闲', 33);
INSERT INTO `stadiumplanitem` VALUES (423, '14:00:00', '15:00:00', 6, '空闲', 33);
INSERT INTO `stadiumplanitem` VALUES (424, '15:00:00', '16:00:00', 7, '空闲', 33);
INSERT INTO `stadiumplanitem` VALUES (425, '16:00:00', '17:00:00', 8, '空闲', 33);
INSERT INTO `stadiumplanitem` VALUES (426, '17:00:00', '18:00:00', 9, '空闲', 33);
INSERT INTO `stadiumplanitem` VALUES (427, '18:00:00', '19:00:00', 10, '空闲', 33);
INSERT INTO `stadiumplanitem` VALUES (428, '19:00:00', '20:00:00', 11, '空闲', 33);
INSERT INTO `stadiumplanitem` VALUES (429, '20:00:00', '21:00:00', 12, '空闲', 33);
INSERT INTO `stadiumplanitem` VALUES (430, '08:00:00', '09:00:00', 0, '空闲', 34);
INSERT INTO `stadiumplanitem` VALUES (431, '09:00:00', '10:00:00', 1, '空闲', 34);
INSERT INTO `stadiumplanitem` VALUES (432, '10:00:00', '11:00:00', 2, '空闲', 34);
INSERT INTO `stadiumplanitem` VALUES (433, '11:00:00', '12:00:00', 3, '空闲', 34);
INSERT INTO `stadiumplanitem` VALUES (434, '12:00:00', '13:00:00', 4, '空闲', 34);
INSERT INTO `stadiumplanitem` VALUES (435, '13:00:00', '14:00:00', 5, '空闲', 34);
INSERT INTO `stadiumplanitem` VALUES (436, '14:00:00', '15:00:00', 6, '空闲', 34);
INSERT INTO `stadiumplanitem` VALUES (437, '15:00:00', '16:00:00', 7, '空闲', 34);
INSERT INTO `stadiumplanitem` VALUES (438, '16:00:00', '17:00:00', 8, '空闲', 34);
INSERT INTO `stadiumplanitem` VALUES (439, '17:00:00', '18:00:00', 9, '空闲', 34);
INSERT INTO `stadiumplanitem` VALUES (440, '18:00:00', '19:00:00', 10, '空闲', 34);
INSERT INTO `stadiumplanitem` VALUES (441, '19:00:00', '20:00:00', 11, '空闲', 34);
INSERT INTO `stadiumplanitem` VALUES (442, '20:00:00', '21:00:00', 12, '空闲', 34);
INSERT INTO `stadiumplanitem` VALUES (443, '08:00:00', '09:00:00', 0, '空闲', 35);
INSERT INTO `stadiumplanitem` VALUES (444, '09:00:00', '10:00:00', 1, '空闲', 35);
INSERT INTO `stadiumplanitem` VALUES (445, '10:00:00', '11:00:00', 2, '空闲', 35);
INSERT INTO `stadiumplanitem` VALUES (446, '11:00:00', '12:00:00', 3, '空闲', 35);
INSERT INTO `stadiumplanitem` VALUES (447, '12:00:00', '13:00:00', 4, '空闲', 35);
INSERT INTO `stadiumplanitem` VALUES (448, '13:00:00', '14:00:00', 5, '空闲', 35);
INSERT INTO `stadiumplanitem` VALUES (449, '14:00:00', '15:00:00', 6, '空闲', 35);
INSERT INTO `stadiumplanitem` VALUES (450, '15:00:00', '16:00:00', 7, '空闲', 35);
INSERT INTO `stadiumplanitem` VALUES (451, '16:00:00', '17:00:00', 8, '空闲', 35);
INSERT INTO `stadiumplanitem` VALUES (452, '17:00:00', '18:00:00', 9, '空闲', 35);
INSERT INTO `stadiumplanitem` VALUES (453, '18:00:00', '19:00:00', 10, '空闲', 35);
INSERT INTO `stadiumplanitem` VALUES (454, '19:00:00', '20:00:00', 11, '空闲', 35);
INSERT INTO `stadiumplanitem` VALUES (455, '20:00:00', '21:00:00', 12, '空闲', 35);
INSERT INTO `stadiumplanitem` VALUES (456, '08:00:00', '09:00:00', 0, '空闲', 36);
INSERT INTO `stadiumplanitem` VALUES (457, '09:00:00', '10:00:00', 1, '空闲', 36);
INSERT INTO `stadiumplanitem` VALUES (458, '10:00:00', '11:00:00', 2, '空闲', 36);
INSERT INTO `stadiumplanitem` VALUES (459, '11:00:00', '12:00:00', 3, '空闲', 36);
INSERT INTO `stadiumplanitem` VALUES (460, '12:00:00', '13:00:00', 4, '空闲', 36);
INSERT INTO `stadiumplanitem` VALUES (461, '13:00:00', '14:00:00', 5, '空闲', 36);
INSERT INTO `stadiumplanitem` VALUES (462, '14:00:00', '15:00:00', 6, '空闲', 36);
INSERT INTO `stadiumplanitem` VALUES (463, '15:00:00', '16:00:00', 7, '空闲', 36);
INSERT INTO `stadiumplanitem` VALUES (464, '16:00:00', '17:00:00', 8, '空闲', 36);
INSERT INTO `stadiumplanitem` VALUES (465, '17:00:00', '18:00:00', 9, '空闲', 36);
INSERT INTO `stadiumplanitem` VALUES (466, '18:00:00', '19:00:00', 10, '空闲', 36);
INSERT INTO `stadiumplanitem` VALUES (467, '19:00:00', '20:00:00', 11, '空闲', 36);
INSERT INTO `stadiumplanitem` VALUES (468, '20:00:00', '21:00:00', 12, '空闲', 36);
INSERT INTO `stadiumplanitem` VALUES (469, '08:00:00', '09:00:00', 0, '空闲', 37);
INSERT INTO `stadiumplanitem` VALUES (470, '09:00:00', '10:00:00', 1, '空闲', 37);
INSERT INTO `stadiumplanitem` VALUES (471, '10:00:00', '11:00:00', 2, '空闲', 37);
INSERT INTO `stadiumplanitem` VALUES (472, '11:00:00', '12:00:00', 3, '空闲', 37);
INSERT INTO `stadiumplanitem` VALUES (473, '12:00:00', '13:00:00', 4, '空闲', 37);
INSERT INTO `stadiumplanitem` VALUES (474, '13:00:00', '14:00:00', 5, '空闲', 37);
INSERT INTO `stadiumplanitem` VALUES (475, '14:00:00', '15:00:00', 6, '空闲', 37);
INSERT INTO `stadiumplanitem` VALUES (476, '15:00:00', '16:00:00', 7, '空闲', 37);
INSERT INTO `stadiumplanitem` VALUES (477, '16:00:00', '17:00:00', 8, '空闲', 37);
INSERT INTO `stadiumplanitem` VALUES (478, '17:00:00', '18:00:00', 9, '空闲', 37);
INSERT INTO `stadiumplanitem` VALUES (479, '18:00:00', '19:00:00', 10, '空闲', 37);
INSERT INTO `stadiumplanitem` VALUES (480, '19:00:00', '20:00:00', 11, '空闲', 37);
INSERT INTO `stadiumplanitem` VALUES (481, '20:00:00', '21:00:00', 12, '空闲', 37);
INSERT INTO `stadiumplanitem` VALUES (482, '08:00:00', '09:00:00', 0, '空闲', 38);
INSERT INTO `stadiumplanitem` VALUES (483, '09:00:00', '10:00:00', 1, '空闲', 38);
INSERT INTO `stadiumplanitem` VALUES (484, '10:00:00', '11:00:00', 2, '空闲', 38);
INSERT INTO `stadiumplanitem` VALUES (485, '11:00:00', '12:00:00', 3, '空闲', 38);
INSERT INTO `stadiumplanitem` VALUES (486, '12:00:00', '13:00:00', 4, '空闲', 38);
INSERT INTO `stadiumplanitem` VALUES (487, '13:00:00', '14:00:00', 5, '空闲', 38);
INSERT INTO `stadiumplanitem` VALUES (488, '14:00:00', '15:00:00', 6, '空闲', 38);
INSERT INTO `stadiumplanitem` VALUES (489, '15:00:00', '16:00:00', 7, '空闲', 38);
INSERT INTO `stadiumplanitem` VALUES (490, '16:00:00', '17:00:00', 8, '空闲', 38);
INSERT INTO `stadiumplanitem` VALUES (491, '17:00:00', '18:00:00', 9, '空闲', 38);
INSERT INTO `stadiumplanitem` VALUES (492, '18:00:00', '19:00:00', 10, '空闲', 38);
INSERT INTO `stadiumplanitem` VALUES (493, '19:00:00', '20:00:00', 11, '空闲', 38);
INSERT INTO `stadiumplanitem` VALUES (494, '20:00:00', '21:00:00', 12, '空闲', 38);
INSERT INTO `stadiumplanitem` VALUES (495, '08:00:00', '09:00:00', 0, '空闲', 39);
INSERT INTO `stadiumplanitem` VALUES (496, '09:00:00', '10:00:00', 1, '空闲', 39);
INSERT INTO `stadiumplanitem` VALUES (497, '10:00:00', '11:00:00', 2, '空闲', 39);
INSERT INTO `stadiumplanitem` VALUES (498, '11:00:00', '12:00:00', 3, '空闲', 39);
INSERT INTO `stadiumplanitem` VALUES (499, '12:00:00', '13:00:00', 4, '空闲', 39);
INSERT INTO `stadiumplanitem` VALUES (500, '13:00:00', '14:00:00', 5, '空闲', 39);
INSERT INTO `stadiumplanitem` VALUES (501, '14:00:00', '15:00:00', 6, '空闲', 39);
INSERT INTO `stadiumplanitem` VALUES (502, '15:00:00', '16:00:00', 7, '空闲', 39);
INSERT INTO `stadiumplanitem` VALUES (503, '16:00:00', '17:00:00', 8, '空闲', 39);
INSERT INTO `stadiumplanitem` VALUES (504, '17:00:00', '18:00:00', 9, '空闲', 39);
INSERT INTO `stadiumplanitem` VALUES (505, '18:00:00', '19:00:00', 10, '空闲', 39);
INSERT INTO `stadiumplanitem` VALUES (506, '19:00:00', '20:00:00', 11, '空闲', 39);
INSERT INTO `stadiumplanitem` VALUES (507, '20:00:00', '21:00:00', 12, '空闲', 39);
INSERT INTO `stadiumplanitem` VALUES (508, '08:00:00', '09:00:00', 0, '空闲', 40);
INSERT INTO `stadiumplanitem` VALUES (509, '09:00:00', '10:00:00', 1, '空闲', 40);
INSERT INTO `stadiumplanitem` VALUES (510, '10:00:00', '11:00:00', 2, '空闲', 40);
INSERT INTO `stadiumplanitem` VALUES (511, '11:00:00', '12:00:00', 3, '空闲', 40);
INSERT INTO `stadiumplanitem` VALUES (512, '12:00:00', '13:00:00', 4, '空闲', 40);
INSERT INTO `stadiumplanitem` VALUES (513, '13:00:00', '14:00:00', 5, '空闲', 40);
INSERT INTO `stadiumplanitem` VALUES (514, '14:00:00', '15:00:00', 6, '空闲', 40);
INSERT INTO `stadiumplanitem` VALUES (515, '15:00:00', '16:00:00', 7, '空闲', 40);
INSERT INTO `stadiumplanitem` VALUES (516, '16:00:00', '17:00:00', 8, '空闲', 40);
INSERT INTO `stadiumplanitem` VALUES (517, '17:00:00', '18:00:00', 9, '空闲', 40);
INSERT INTO `stadiumplanitem` VALUES (518, '18:00:00', '19:00:00', 10, '空闲', 40);
INSERT INTO `stadiumplanitem` VALUES (519, '19:00:00', '20:00:00', 11, '空闲', 40);
INSERT INTO `stadiumplanitem` VALUES (520, '20:00:00', '21:00:00', 12, '空闲', 40);
INSERT INTO `stadiumplanitem` VALUES (521, '08:00:00', '09:00:00', 0, '空闲', 41);
INSERT INTO `stadiumplanitem` VALUES (522, '09:00:00', '10:00:00', 1, '空闲', 41);
INSERT INTO `stadiumplanitem` VALUES (523, '10:00:00', '11:00:00', 2, '空闲', 41);
INSERT INTO `stadiumplanitem` VALUES (524, '11:00:00', '12:00:00', 3, '空闲', 41);
INSERT INTO `stadiumplanitem` VALUES (525, '12:00:00', '13:00:00', 4, '空闲', 41);
INSERT INTO `stadiumplanitem` VALUES (526, '13:00:00', '14:00:00', 5, '空闲', 41);
INSERT INTO `stadiumplanitem` VALUES (527, '14:00:00', '15:00:00', 6, '空闲', 41);
INSERT INTO `stadiumplanitem` VALUES (528, '15:00:00', '16:00:00', 7, '空闲', 41);
INSERT INTO `stadiumplanitem` VALUES (529, '16:00:00', '17:00:00', 8, '空闲', 41);
INSERT INTO `stadiumplanitem` VALUES (530, '17:00:00', '18:00:00', 9, '空闲', 41);
INSERT INTO `stadiumplanitem` VALUES (531, '18:00:00', '19:00:00', 10, '空闲', 41);
INSERT INTO `stadiumplanitem` VALUES (532, '19:00:00', '20:00:00', 11, '空闲', 41);
INSERT INTO `stadiumplanitem` VALUES (533, '20:00:00', '21:00:00', 12, '空闲', 41);
INSERT INTO `stadiumplanitem` VALUES (534, '08:00:00', '09:00:00', 0, '空闲', 42);
INSERT INTO `stadiumplanitem` VALUES (535, '09:00:00', '10:00:00', 1, '空闲', 42);
INSERT INTO `stadiumplanitem` VALUES (536, '10:00:00', '11:00:00', 2, '空闲', 42);
INSERT INTO `stadiumplanitem` VALUES (537, '11:00:00', '12:00:00', 3, '空闲', 42);
INSERT INTO `stadiumplanitem` VALUES (538, '12:00:00', '13:00:00', 4, '空闲', 42);
INSERT INTO `stadiumplanitem` VALUES (539, '13:00:00', '14:00:00', 5, '空闲', 42);
INSERT INTO `stadiumplanitem` VALUES (540, '14:00:00', '15:00:00', 6, '空闲', 42);
INSERT INTO `stadiumplanitem` VALUES (541, '15:00:00', '16:00:00', 7, '空闲', 42);
INSERT INTO `stadiumplanitem` VALUES (542, '16:00:00', '17:00:00', 8, '空闲', 42);
INSERT INTO `stadiumplanitem` VALUES (543, '17:00:00', '18:00:00', 9, '空闲', 42);
INSERT INTO `stadiumplanitem` VALUES (544, '18:00:00', '19:00:00', 10, '空闲', 42);
INSERT INTO `stadiumplanitem` VALUES (545, '19:00:00', '20:00:00', 11, '空闲', 42);
INSERT INTO `stadiumplanitem` VALUES (546, '20:00:00', '21:00:00', 12, '空闲', 42);
INSERT INTO `stadiumplanitem` VALUES (547, '08:00:00', '09:00:00', 0, '空闲', 43);
INSERT INTO `stadiumplanitem` VALUES (548, '09:00:00', '10:00:00', 1, '空闲', 43);
INSERT INTO `stadiumplanitem` VALUES (549, '10:00:00', '11:00:00', 2, '空闲', 43);
INSERT INTO `stadiumplanitem` VALUES (550, '11:00:00', '12:00:00', 3, '空闲', 43);
INSERT INTO `stadiumplanitem` VALUES (551, '12:00:00', '13:00:00', 4, '空闲', 43);
INSERT INTO `stadiumplanitem` VALUES (552, '13:00:00', '14:00:00', 5, '空闲', 43);
INSERT INTO `stadiumplanitem` VALUES (553, '14:00:00', '15:00:00', 6, '空闲', 43);
INSERT INTO `stadiumplanitem` VALUES (554, '15:00:00', '16:00:00', 7, '空闲', 43);
INSERT INTO `stadiumplanitem` VALUES (555, '16:00:00', '17:00:00', 8, '空闲', 43);
INSERT INTO `stadiumplanitem` VALUES (556, '17:00:00', '18:00:00', 9, '空闲', 43);
INSERT INTO `stadiumplanitem` VALUES (557, '18:00:00', '19:00:00', 10, '空闲', 43);
INSERT INTO `stadiumplanitem` VALUES (558, '19:00:00', '20:00:00', 11, '空闲', 43);
INSERT INTO `stadiumplanitem` VALUES (559, '20:00:00', '21:00:00', 12, '空闲', 43);
INSERT INTO `stadiumplanitem` VALUES (560, '08:00:00', '09:00:00', 0, '空闲', 44);
INSERT INTO `stadiumplanitem` VALUES (561, '09:00:00', '10:00:00', 1, '空闲', 44);
INSERT INTO `stadiumplanitem` VALUES (562, '10:00:00', '11:00:00', 2, '空闲', 44);
INSERT INTO `stadiumplanitem` VALUES (563, '11:00:00', '12:00:00', 3, '空闲', 44);
INSERT INTO `stadiumplanitem` VALUES (564, '12:00:00', '13:00:00', 4, '空闲', 44);
INSERT INTO `stadiumplanitem` VALUES (565, '13:00:00', '14:00:00', 5, '空闲', 44);
INSERT INTO `stadiumplanitem` VALUES (566, '14:00:00', '15:00:00', 6, '空闲', 44);
INSERT INTO `stadiumplanitem` VALUES (567, '15:00:00', '16:00:00', 7, '空闲', 44);
INSERT INTO `stadiumplanitem` VALUES (568, '16:00:00', '17:00:00', 8, '空闲', 44);
INSERT INTO `stadiumplanitem` VALUES (569, '17:00:00', '18:00:00', 9, '空闲', 44);
INSERT INTO `stadiumplanitem` VALUES (570, '18:00:00', '19:00:00', 10, '空闲', 44);
INSERT INTO `stadiumplanitem` VALUES (571, '19:00:00', '20:00:00', 11, '空闲', 44);
INSERT INTO `stadiumplanitem` VALUES (572, '20:00:00', '21:00:00', 12, '空闲', 44);
INSERT INTO `stadiumplanitem` VALUES (573, '08:00:00', '09:00:00', 0, '空闲', 45);
INSERT INTO `stadiumplanitem` VALUES (574, '09:00:00', '10:00:00', 1, '空闲', 45);
INSERT INTO `stadiumplanitem` VALUES (575, '10:00:00', '11:00:00', 2, '空闲', 45);
INSERT INTO `stadiumplanitem` VALUES (576, '11:00:00', '12:00:00', 3, '空闲', 45);
INSERT INTO `stadiumplanitem` VALUES (577, '12:00:00', '13:00:00', 4, '空闲', 45);
INSERT INTO `stadiumplanitem` VALUES (578, '13:00:00', '14:00:00', 5, '空闲', 45);
INSERT INTO `stadiumplanitem` VALUES (579, '14:00:00', '15:00:00', 6, '空闲', 45);
INSERT INTO `stadiumplanitem` VALUES (580, '15:00:00', '16:00:00', 7, '空闲', 45);
INSERT INTO `stadiumplanitem` VALUES (581, '16:00:00', '17:00:00', 8, '空闲', 45);
INSERT INTO `stadiumplanitem` VALUES (582, '17:00:00', '18:00:00', 9, '空闲', 45);
INSERT INTO `stadiumplanitem` VALUES (583, '18:00:00', '19:00:00', 10, '空闲', 45);
INSERT INTO `stadiumplanitem` VALUES (584, '19:00:00', '20:00:00', 11, '空闲', 45);
INSERT INTO `stadiumplanitem` VALUES (585, '20:00:00', '21:00:00', 12, '空闲', 45);
INSERT INTO `stadiumplanitem` VALUES (586, '08:00:00', '09:00:00', 0, '空闲', 46);
INSERT INTO `stadiumplanitem` VALUES (587, '09:00:00', '10:00:00', 1, '空闲', 46);
INSERT INTO `stadiumplanitem` VALUES (588, '10:00:00', '11:00:00', 2, '空闲', 46);
INSERT INTO `stadiumplanitem` VALUES (589, '11:00:00', '12:00:00', 3, '空闲', 46);
INSERT INTO `stadiumplanitem` VALUES (590, '12:00:00', '13:00:00', 4, '空闲', 46);
INSERT INTO `stadiumplanitem` VALUES (591, '13:00:00', '14:00:00', 5, '空闲', 46);
INSERT INTO `stadiumplanitem` VALUES (592, '14:00:00', '15:00:00', 6, '空闲', 46);
INSERT INTO `stadiumplanitem` VALUES (593, '15:00:00', '16:00:00', 7, '空闲', 46);
INSERT INTO `stadiumplanitem` VALUES (594, '16:00:00', '17:00:00', 8, '空闲', 46);
INSERT INTO `stadiumplanitem` VALUES (595, '17:00:00', '18:00:00', 9, '空闲', 46);
INSERT INTO `stadiumplanitem` VALUES (596, '18:00:00', '19:00:00', 10, '空闲', 46);
INSERT INTO `stadiumplanitem` VALUES (597, '19:00:00', '20:00:00', 11, '空闲', 46);
INSERT INTO `stadiumplanitem` VALUES (598, '20:00:00', '21:00:00', 12, '空闲', 46);
INSERT INTO `stadiumplanitem` VALUES (599, '08:00:00', '09:00:00', 0, '空闲', 47);
INSERT INTO `stadiumplanitem` VALUES (600, '09:00:00', '10:00:00', 1, '空闲', 47);
INSERT INTO `stadiumplanitem` VALUES (601, '10:00:00', '11:00:00', 2, '空闲', 47);
INSERT INTO `stadiumplanitem` VALUES (602, '11:00:00', '12:00:00', 3, '空闲', 47);
INSERT INTO `stadiumplanitem` VALUES (603, '12:00:00', '13:00:00', 4, '空闲', 47);
INSERT INTO `stadiumplanitem` VALUES (604, '13:00:00', '14:00:00', 5, '空闲', 47);
INSERT INTO `stadiumplanitem` VALUES (605, '14:00:00', '15:00:00', 6, '空闲', 47);
INSERT INTO `stadiumplanitem` VALUES (606, '15:00:00', '16:00:00', 7, '空闲', 47);
INSERT INTO `stadiumplanitem` VALUES (607, '16:00:00', '17:00:00', 8, '空闲', 47);
INSERT INTO `stadiumplanitem` VALUES (608, '17:00:00', '18:00:00', 9, '空闲', 47);
INSERT INTO `stadiumplanitem` VALUES (609, '18:00:00', '19:00:00', 10, '空闲', 47);
INSERT INTO `stadiumplanitem` VALUES (610, '19:00:00', '20:00:00', 11, '空闲', 47);
INSERT INTO `stadiumplanitem` VALUES (611, '20:00:00', '21:00:00', 12, '空闲', 47);
INSERT INTO `stadiumplanitem` VALUES (612, '08:00:00', '09:00:00', 0, '空闲', 48);
INSERT INTO `stadiumplanitem` VALUES (613, '09:00:00', '10:00:00', 1, '空闲', 48);
INSERT INTO `stadiumplanitem` VALUES (614, '10:00:00', '11:00:00', 2, '空闲', 48);
INSERT INTO `stadiumplanitem` VALUES (615, '11:00:00', '12:00:00', 3, '空闲', 48);
INSERT INTO `stadiumplanitem` VALUES (616, '12:00:00', '13:00:00', 4, '空闲', 48);
INSERT INTO `stadiumplanitem` VALUES (617, '13:00:00', '14:00:00', 5, '空闲', 48);
INSERT INTO `stadiumplanitem` VALUES (618, '14:00:00', '15:00:00', 6, '空闲', 48);
INSERT INTO `stadiumplanitem` VALUES (619, '15:00:00', '16:00:00', 7, '空闲', 48);
INSERT INTO `stadiumplanitem` VALUES (620, '16:00:00', '17:00:00', 8, '空闲', 48);
INSERT INTO `stadiumplanitem` VALUES (621, '17:00:00', '18:00:00', 9, '空闲', 48);
INSERT INTO `stadiumplanitem` VALUES (622, '18:00:00', '19:00:00', 10, '空闲', 48);
INSERT INTO `stadiumplanitem` VALUES (623, '19:00:00', '20:00:00', 11, '空闲', 48);
INSERT INTO `stadiumplanitem` VALUES (624, '20:00:00', '21:00:00', 12, '空闲', 48);
INSERT INTO `stadiumplanitem` VALUES (625, '08:00:00', '09:00:00', 0, '空闲', 49);
INSERT INTO `stadiumplanitem` VALUES (626, '09:00:00', '10:00:00', 1, '空闲', 49);
INSERT INTO `stadiumplanitem` VALUES (627, '10:00:00', '11:00:00', 2, '空闲', 49);
INSERT INTO `stadiumplanitem` VALUES (628, '11:00:00', '12:00:00', 3, '空闲', 49);
INSERT INTO `stadiumplanitem` VALUES (629, '12:00:00', '13:00:00', 4, '空闲', 49);
INSERT INTO `stadiumplanitem` VALUES (630, '13:00:00', '14:00:00', 5, '空闲', 49);
INSERT INTO `stadiumplanitem` VALUES (631, '14:00:00', '15:00:00', 6, '空闲', 49);
INSERT INTO `stadiumplanitem` VALUES (632, '15:00:00', '16:00:00', 7, '空闲', 49);
INSERT INTO `stadiumplanitem` VALUES (633, '16:00:00', '17:00:00', 8, '空闲', 49);
INSERT INTO `stadiumplanitem` VALUES (634, '17:00:00', '18:00:00', 9, '空闲', 49);
INSERT INTO `stadiumplanitem` VALUES (635, '18:00:00', '19:00:00', 10, '空闲', 49);
INSERT INTO `stadiumplanitem` VALUES (636, '19:00:00', '20:00:00', 11, '空闲', 49);
INSERT INTO `stadiumplanitem` VALUES (637, '20:00:00', '21:00:00', 12, '空闲', 49);
INSERT INTO `stadiumplanitem` VALUES (638, '08:00:00', '09:00:00', 0, '空闲', 50);
INSERT INTO `stadiumplanitem` VALUES (639, '09:00:00', '10:00:00', 1, '空闲', 50);
INSERT INTO `stadiumplanitem` VALUES (640, '10:00:00', '11:00:00', 2, '空闲', 50);
INSERT INTO `stadiumplanitem` VALUES (641, '11:00:00', '12:00:00', 3, '空闲', 50);
INSERT INTO `stadiumplanitem` VALUES (642, '12:00:00', '13:00:00', 4, '空闲', 50);
INSERT INTO `stadiumplanitem` VALUES (643, '13:00:00', '14:00:00', 5, '空闲', 50);
INSERT INTO `stadiumplanitem` VALUES (644, '14:00:00', '15:00:00', 6, '空闲', 50);
INSERT INTO `stadiumplanitem` VALUES (645, '15:00:00', '16:00:00', 7, '空闲', 50);
INSERT INTO `stadiumplanitem` VALUES (646, '16:00:00', '17:00:00', 8, '空闲', 50);
INSERT INTO `stadiumplanitem` VALUES (647, '17:00:00', '18:00:00', 9, '空闲', 50);
INSERT INTO `stadiumplanitem` VALUES (648, '18:00:00', '19:00:00', 10, '空闲', 50);
INSERT INTO `stadiumplanitem` VALUES (649, '19:00:00', '20:00:00', 11, '空闲', 50);
INSERT INTO `stadiumplanitem` VALUES (650, '20:00:00', '21:00:00', 12, '空闲', 50);
INSERT INTO `stadiumplanitem` VALUES (651, '08:00:00', '09:00:00', 0, '空闲', 51);
INSERT INTO `stadiumplanitem` VALUES (652, '09:00:00', '10:00:00', 1, '空闲', 51);
INSERT INTO `stadiumplanitem` VALUES (653, '10:00:00', '11:00:00', 2, '空闲', 51);
INSERT INTO `stadiumplanitem` VALUES (654, '11:00:00', '12:00:00', 3, '空闲', 51);
INSERT INTO `stadiumplanitem` VALUES (655, '12:00:00', '13:00:00', 4, '空闲', 51);
INSERT INTO `stadiumplanitem` VALUES (656, '13:00:00', '14:00:00', 5, '空闲', 51);
INSERT INTO `stadiumplanitem` VALUES (657, '14:00:00', '15:00:00', 6, '空闲', 51);
INSERT INTO `stadiumplanitem` VALUES (658, '15:00:00', '16:00:00', 7, '空闲', 51);
INSERT INTO `stadiumplanitem` VALUES (659, '16:00:00', '17:00:00', 8, '空闲', 51);
INSERT INTO `stadiumplanitem` VALUES (660, '17:00:00', '18:00:00', 9, '空闲', 51);
INSERT INTO `stadiumplanitem` VALUES (661, '18:00:00', '19:00:00', 10, '空闲', 51);
INSERT INTO `stadiumplanitem` VALUES (662, '19:00:00', '20:00:00', 11, '空闲', 51);
INSERT INTO `stadiumplanitem` VALUES (663, '20:00:00', '21:00:00', 12, '空闲', 51);
INSERT INTO `stadiumplanitem` VALUES (664, '08:00:00', '09:00:00', 0, '空闲', 52);
INSERT INTO `stadiumplanitem` VALUES (665, '09:00:00', '10:00:00', 1, '空闲', 52);
INSERT INTO `stadiumplanitem` VALUES (666, '10:00:00', '11:00:00', 2, '空闲', 52);
INSERT INTO `stadiumplanitem` VALUES (667, '11:00:00', '12:00:00', 3, '空闲', 52);
INSERT INTO `stadiumplanitem` VALUES (668, '12:00:00', '13:00:00', 4, '空闲', 52);
INSERT INTO `stadiumplanitem` VALUES (669, '13:00:00', '14:00:00', 5, '空闲', 52);
INSERT INTO `stadiumplanitem` VALUES (670, '14:00:00', '15:00:00', 6, '空闲', 52);
INSERT INTO `stadiumplanitem` VALUES (671, '15:00:00', '16:00:00', 7, '空闲', 52);
INSERT INTO `stadiumplanitem` VALUES (672, '16:00:00', '17:00:00', 8, '空闲', 52);
INSERT INTO `stadiumplanitem` VALUES (673, '17:00:00', '18:00:00', 9, '空闲', 52);
INSERT INTO `stadiumplanitem` VALUES (674, '18:00:00', '19:00:00', 10, '空闲', 52);
INSERT INTO `stadiumplanitem` VALUES (675, '19:00:00', '20:00:00', 11, '空闲', 52);
INSERT INTO `stadiumplanitem` VALUES (676, '20:00:00', '21:00:00', 12, '空闲', 52);
INSERT INTO `stadiumplanitem` VALUES (677, '08:00:00', '09:00:00', 0, '空闲', 53);
INSERT INTO `stadiumplanitem` VALUES (678, '09:00:00', '10:00:00', 1, '空闲', 53);
INSERT INTO `stadiumplanitem` VALUES (679, '10:00:00', '11:00:00', 2, '空闲', 53);
INSERT INTO `stadiumplanitem` VALUES (680, '11:00:00', '12:00:00', 3, '空闲', 53);
INSERT INTO `stadiumplanitem` VALUES (681, '12:00:00', '13:00:00', 4, '空闲', 53);
INSERT INTO `stadiumplanitem` VALUES (682, '13:00:00', '14:00:00', 5, '空闲', 53);
INSERT INTO `stadiumplanitem` VALUES (683, '14:00:00', '15:00:00', 6, '空闲', 53);
INSERT INTO `stadiumplanitem` VALUES (684, '15:00:00', '16:00:00', 7, '空闲', 53);
INSERT INTO `stadiumplanitem` VALUES (685, '16:00:00', '17:00:00', 8, '空闲', 53);
INSERT INTO `stadiumplanitem` VALUES (686, '17:00:00', '18:00:00', 9, '空闲', 53);
INSERT INTO `stadiumplanitem` VALUES (687, '18:00:00', '19:00:00', 10, '空闲', 53);
INSERT INTO `stadiumplanitem` VALUES (688, '19:00:00', '20:00:00', 11, '空闲', 53);
INSERT INTO `stadiumplanitem` VALUES (689, '20:00:00', '21:00:00', 12, '空闲', 53);
INSERT INTO `stadiumplanitem` VALUES (690, '08:00:00', '09:00:00', 0, '空闲', 54);
INSERT INTO `stadiumplanitem` VALUES (691, '09:00:00', '10:00:00', 1, '空闲', 54);
INSERT INTO `stadiumplanitem` VALUES (692, '10:00:00', '11:00:00', 2, '空闲', 54);
INSERT INTO `stadiumplanitem` VALUES (693, '11:00:00', '12:00:00', 3, '空闲', 54);
INSERT INTO `stadiumplanitem` VALUES (694, '12:00:00', '13:00:00', 4, '空闲', 54);
INSERT INTO `stadiumplanitem` VALUES (695, '13:00:00', '14:00:00', 5, '空闲', 54);
INSERT INTO `stadiumplanitem` VALUES (696, '14:00:00', '15:00:00', 6, '空闲', 54);
INSERT INTO `stadiumplanitem` VALUES (697, '15:00:00', '16:00:00', 7, '空闲', 54);
INSERT INTO `stadiumplanitem` VALUES (698, '16:00:00', '17:00:00', 8, '空闲', 54);
INSERT INTO `stadiumplanitem` VALUES (699, '17:00:00', '18:00:00', 9, '空闲', 54);
INSERT INTO `stadiumplanitem` VALUES (700, '18:00:00', '19:00:00', 10, '空闲', 54);
INSERT INTO `stadiumplanitem` VALUES (701, '19:00:00', '20:00:00', 11, '空闲', 54);
INSERT INTO `stadiumplanitem` VALUES (702, '20:00:00', '21:00:00', 12, '空闲', 54);
INSERT INTO `stadiumplanitem` VALUES (703, '08:00:00', '09:00:00', 0, '空闲', 55);
INSERT INTO `stadiumplanitem` VALUES (704, '09:00:00', '10:00:00', 1, '空闲', 55);
INSERT INTO `stadiumplanitem` VALUES (705, '10:00:00', '11:00:00', 2, '空闲', 55);
INSERT INTO `stadiumplanitem` VALUES (706, '11:00:00', '12:00:00', 3, '空闲', 55);
INSERT INTO `stadiumplanitem` VALUES (707, '12:00:00', '13:00:00', 4, '空闲', 55);
INSERT INTO `stadiumplanitem` VALUES (708, '13:00:00', '14:00:00', 5, '空闲', 55);
INSERT INTO `stadiumplanitem` VALUES (709, '14:00:00', '15:00:00', 6, '空闲', 55);
INSERT INTO `stadiumplanitem` VALUES (710, '15:00:00', '16:00:00', 7, '空闲', 55);
INSERT INTO `stadiumplanitem` VALUES (711, '16:00:00', '17:00:00', 8, '空闲', 55);
INSERT INTO `stadiumplanitem` VALUES (712, '17:00:00', '18:00:00', 9, '空闲', 55);
INSERT INTO `stadiumplanitem` VALUES (713, '18:00:00', '19:00:00', 10, '空闲', 55);
INSERT INTO `stadiumplanitem` VALUES (714, '19:00:00', '20:00:00', 11, '空闲', 55);
INSERT INTO `stadiumplanitem` VALUES (715, '20:00:00', '21:00:00', 12, '空闲', 55);
INSERT INTO `stadiumplanitem` VALUES (716, '08:00:00', '09:00:00', 0, '空闲', 56);
INSERT INTO `stadiumplanitem` VALUES (717, '09:00:00', '10:00:00', 1, '空闲', 56);
INSERT INTO `stadiumplanitem` VALUES (718, '10:00:00', '11:00:00', 2, '空闲', 56);
INSERT INTO `stadiumplanitem` VALUES (719, '11:00:00', '12:00:00', 3, '空闲', 56);
INSERT INTO `stadiumplanitem` VALUES (720, '12:00:00', '13:00:00', 4, '空闲', 56);
INSERT INTO `stadiumplanitem` VALUES (721, '13:00:00', '14:00:00', 5, '空闲', 56);
INSERT INTO `stadiumplanitem` VALUES (722, '14:00:00', '15:00:00', 6, '空闲', 56);
INSERT INTO `stadiumplanitem` VALUES (723, '15:00:00', '16:00:00', 7, '空闲', 56);
INSERT INTO `stadiumplanitem` VALUES (724, '16:00:00', '17:00:00', 8, '空闲', 56);
INSERT INTO `stadiumplanitem` VALUES (725, '17:00:00', '18:00:00', 9, '空闲', 56);
INSERT INTO `stadiumplanitem` VALUES (726, '18:00:00', '19:00:00', 10, '空闲', 56);
INSERT INTO `stadiumplanitem` VALUES (727, '19:00:00', '20:00:00', 11, '空闲', 56);
INSERT INTO `stadiumplanitem` VALUES (728, '20:00:00', '21:00:00', 12, '空闲', 56);
INSERT INTO `stadiumplanitem` VALUES (729, '08:00:00', '09:00:00', 0, '空闲', 57);
INSERT INTO `stadiumplanitem` VALUES (730, '09:00:00', '10:00:00', 1, '空闲', 57);
INSERT INTO `stadiumplanitem` VALUES (731, '10:00:00', '11:00:00', 2, '空闲', 57);
INSERT INTO `stadiumplanitem` VALUES (732, '11:00:00', '12:00:00', 3, '空闲', 57);
INSERT INTO `stadiumplanitem` VALUES (733, '12:00:00', '13:00:00', 4, '空闲', 57);
INSERT INTO `stadiumplanitem` VALUES (734, '13:00:00', '14:00:00', 5, '空闲', 57);
INSERT INTO `stadiumplanitem` VALUES (735, '14:00:00', '15:00:00', 6, '空闲', 57);
INSERT INTO `stadiumplanitem` VALUES (736, '15:00:00', '16:00:00', 7, '空闲', 57);
INSERT INTO `stadiumplanitem` VALUES (737, '16:00:00', '17:00:00', 8, '空闲', 57);
INSERT INTO `stadiumplanitem` VALUES (738, '17:00:00', '18:00:00', 9, '空闲', 57);
INSERT INTO `stadiumplanitem` VALUES (739, '18:00:00', '19:00:00', 10, '空闲', 57);
INSERT INTO `stadiumplanitem` VALUES (740, '19:00:00', '20:00:00', 11, '空闲', 57);
INSERT INTO `stadiumplanitem` VALUES (741, '20:00:00', '21:00:00', 12, '空闲', 57);
INSERT INTO `stadiumplanitem` VALUES (742, '08:00:00', '09:00:00', 0, '空闲', 58);
INSERT INTO `stadiumplanitem` VALUES (743, '09:00:00', '10:00:00', 1, '空闲', 58);
INSERT INTO `stadiumplanitem` VALUES (744, '10:00:00', '11:00:00', 2, '空闲', 58);
INSERT INTO `stadiumplanitem` VALUES (745, '11:00:00', '12:00:00', 3, '空闲', 58);
INSERT INTO `stadiumplanitem` VALUES (746, '12:00:00', '13:00:00', 4, '空闲', 58);
INSERT INTO `stadiumplanitem` VALUES (747, '13:00:00', '14:00:00', 5, '空闲', 58);
INSERT INTO `stadiumplanitem` VALUES (748, '14:00:00', '15:00:00', 6, '空闲', 58);
INSERT INTO `stadiumplanitem` VALUES (749, '15:00:00', '16:00:00', 7, '空闲', 58);
INSERT INTO `stadiumplanitem` VALUES (750, '16:00:00', '17:00:00', 8, '空闲', 58);
INSERT INTO `stadiumplanitem` VALUES (751, '17:00:00', '18:00:00', 9, '空闲', 58);
INSERT INTO `stadiumplanitem` VALUES (752, '18:00:00', '19:00:00', 10, '空闲', 58);
INSERT INTO `stadiumplanitem` VALUES (753, '19:00:00', '20:00:00', 11, '空闲', 58);
INSERT INTO `stadiumplanitem` VALUES (754, '20:00:00', '21:00:00', 12, '空闲', 58);
INSERT INTO `stadiumplanitem` VALUES (755, '08:00:00', '09:00:00', 0, '空闲', 59);
INSERT INTO `stadiumplanitem` VALUES (756, '09:00:00', '10:00:00', 1, '空闲', 59);
INSERT INTO `stadiumplanitem` VALUES (757, '10:00:00', '11:00:00', 2, '空闲', 59);
INSERT INTO `stadiumplanitem` VALUES (758, '11:00:00', '12:00:00', 3, '空闲', 59);
INSERT INTO `stadiumplanitem` VALUES (759, '12:00:00', '13:00:00', 4, '空闲', 59);
INSERT INTO `stadiumplanitem` VALUES (760, '13:00:00', '14:00:00', 5, '空闲', 59);
INSERT INTO `stadiumplanitem` VALUES (761, '14:00:00', '15:00:00', 6, '空闲', 59);
INSERT INTO `stadiumplanitem` VALUES (762, '15:00:00', '16:00:00', 7, '空闲', 59);
INSERT INTO `stadiumplanitem` VALUES (763, '16:00:00', '17:00:00', 8, '空闲', 59);
INSERT INTO `stadiumplanitem` VALUES (764, '17:00:00', '18:00:00', 9, '空闲', 59);
INSERT INTO `stadiumplanitem` VALUES (765, '18:00:00', '19:00:00', 10, '空闲', 59);
INSERT INTO `stadiumplanitem` VALUES (766, '19:00:00', '20:00:00', 11, '空闲', 59);
INSERT INTO `stadiumplanitem` VALUES (767, '20:00:00', '21:00:00', 12, '空闲', 59);
INSERT INTO `stadiumplanitem` VALUES (768, '08:00:00', '09:00:00', 0, '空闲', 60);
INSERT INTO `stadiumplanitem` VALUES (769, '09:00:00', '10:00:00', 1, '空闲', 60);
INSERT INTO `stadiumplanitem` VALUES (770, '10:00:00', '11:00:00', 2, '空闲', 60);
INSERT INTO `stadiumplanitem` VALUES (771, '11:00:00', '12:00:00', 3, '空闲', 60);
INSERT INTO `stadiumplanitem` VALUES (772, '12:00:00', '13:00:00', 4, '空闲', 60);
INSERT INTO `stadiumplanitem` VALUES (773, '13:00:00', '14:00:00', 5, '空闲', 60);
INSERT INTO `stadiumplanitem` VALUES (774, '14:00:00', '15:00:00', 6, '空闲', 60);
INSERT INTO `stadiumplanitem` VALUES (775, '15:00:00', '16:00:00', 7, '空闲', 60);
INSERT INTO `stadiumplanitem` VALUES (776, '16:00:00', '17:00:00', 8, '空闲', 60);
INSERT INTO `stadiumplanitem` VALUES (777, '17:00:00', '18:00:00', 9, '空闲', 60);
INSERT INTO `stadiumplanitem` VALUES (778, '18:00:00', '19:00:00', 10, '空闲', 60);
INSERT INTO `stadiumplanitem` VALUES (779, '19:00:00', '20:00:00', 11, '空闲', 60);
INSERT INTO `stadiumplanitem` VALUES (780, '20:00:00', '21:00:00', 12, '空闲', 60);
INSERT INTO `stadiumplanitem` VALUES (781, '08:00:00', '09:00:00', 0, '空闲', 61);
INSERT INTO `stadiumplanitem` VALUES (782, '09:00:00', '10:00:00', 1, '空闲', 61);
INSERT INTO `stadiumplanitem` VALUES (783, '10:00:00', '11:00:00', 2, '空闲', 61);
INSERT INTO `stadiumplanitem` VALUES (784, '11:00:00', '12:00:00', 3, '空闲', 61);
INSERT INTO `stadiumplanitem` VALUES (785, '12:00:00', '13:00:00', 4, '空闲', 61);
INSERT INTO `stadiumplanitem` VALUES (786, '13:00:00', '14:00:00', 5, '空闲', 61);
INSERT INTO `stadiumplanitem` VALUES (787, '14:00:00', '15:00:00', 6, '空闲', 61);
INSERT INTO `stadiumplanitem` VALUES (788, '15:00:00', '16:00:00', 7, '空闲', 61);
INSERT INTO `stadiumplanitem` VALUES (789, '16:00:00', '17:00:00', 8, '空闲', 61);
INSERT INTO `stadiumplanitem` VALUES (790, '17:00:00', '18:00:00', 9, '空闲', 61);
INSERT INTO `stadiumplanitem` VALUES (791, '18:00:00', '19:00:00', 10, '空闲', 61);
INSERT INTO `stadiumplanitem` VALUES (792, '19:00:00', '20:00:00', 11, '空闲', 61);
INSERT INTO `stadiumplanitem` VALUES (793, '20:00:00', '21:00:00', 12, '空闲', 61);
INSERT INTO `stadiumplanitem` VALUES (794, '08:00:00', '09:00:00', 0, '空闲', 62);
INSERT INTO `stadiumplanitem` VALUES (795, '09:00:00', '10:00:00', 1, '空闲', 62);
INSERT INTO `stadiumplanitem` VALUES (796, '10:00:00', '11:00:00', 2, '空闲', 62);
INSERT INTO `stadiumplanitem` VALUES (797, '11:00:00', '12:00:00', 3, '空闲', 62);
INSERT INTO `stadiumplanitem` VALUES (798, '12:00:00', '13:00:00', 4, '空闲', 62);
INSERT INTO `stadiumplanitem` VALUES (799, '13:00:00', '14:00:00', 5, '空闲', 62);
INSERT INTO `stadiumplanitem` VALUES (800, '14:00:00', '15:00:00', 6, '空闲', 62);
INSERT INTO `stadiumplanitem` VALUES (801, '15:00:00', '16:00:00', 7, '空闲', 62);
INSERT INTO `stadiumplanitem` VALUES (802, '16:00:00', '17:00:00', 8, '空闲', 62);
INSERT INTO `stadiumplanitem` VALUES (803, '17:00:00', '18:00:00', 9, '空闲', 62);
INSERT INTO `stadiumplanitem` VALUES (804, '18:00:00', '19:00:00', 10, '空闲', 62);
INSERT INTO `stadiumplanitem` VALUES (805, '19:00:00', '20:00:00', 11, '空闲', 62);
INSERT INTO `stadiumplanitem` VALUES (806, '20:00:00', '21:00:00', 12, '空闲', 62);
INSERT INTO `stadiumplanitem` VALUES (807, '08:00:00', '09:00:00', 0, '空闲', 63);
INSERT INTO `stadiumplanitem` VALUES (808, '09:00:00', '10:00:00', 1, '空闲', 63);
INSERT INTO `stadiumplanitem` VALUES (809, '10:00:00', '11:00:00', 2, '空闲', 63);
INSERT INTO `stadiumplanitem` VALUES (810, '11:00:00', '12:00:00', 3, '空闲', 63);
INSERT INTO `stadiumplanitem` VALUES (811, '12:00:00', '13:00:00', 4, '空闲', 63);
INSERT INTO `stadiumplanitem` VALUES (812, '13:00:00', '14:00:00', 5, '空闲', 63);
INSERT INTO `stadiumplanitem` VALUES (813, '14:00:00', '15:00:00', 6, '空闲', 63);
INSERT INTO `stadiumplanitem` VALUES (814, '15:00:00', '16:00:00', 7, '空闲', 63);
INSERT INTO `stadiumplanitem` VALUES (815, '16:00:00', '17:00:00', 8, '空闲', 63);
INSERT INTO `stadiumplanitem` VALUES (816, '17:00:00', '18:00:00', 9, '空闲', 63);
INSERT INTO `stadiumplanitem` VALUES (817, '18:00:00', '19:00:00', 10, '空闲', 63);
INSERT INTO `stadiumplanitem` VALUES (818, '19:00:00', '20:00:00', 11, '空闲', 63);
INSERT INTO `stadiumplanitem` VALUES (819, '20:00:00', '21:00:00', 12, '空闲', 63);
INSERT INTO `stadiumplanitem` VALUES (820, '08:00:00', '09:00:00', 0, '空闲', 64);
INSERT INTO `stadiumplanitem` VALUES (821, '09:00:00', '10:00:00', 1, '空闲', 64);
INSERT INTO `stadiumplanitem` VALUES (822, '10:00:00', '11:00:00', 2, '空闲', 64);
INSERT INTO `stadiumplanitem` VALUES (823, '11:00:00', '12:00:00', 3, '空闲', 64);
INSERT INTO `stadiumplanitem` VALUES (824, '12:00:00', '13:00:00', 4, '空闲', 64);
INSERT INTO `stadiumplanitem` VALUES (825, '13:00:00', '14:00:00', 5, '空闲', 64);
INSERT INTO `stadiumplanitem` VALUES (826, '14:00:00', '15:00:00', 6, '空闲', 64);
INSERT INTO `stadiumplanitem` VALUES (827, '15:00:00', '16:00:00', 7, '空闲', 64);
INSERT INTO `stadiumplanitem` VALUES (828, '16:00:00', '17:00:00', 8, '空闲', 64);
INSERT INTO `stadiumplanitem` VALUES (829, '17:00:00', '18:00:00', 9, '空闲', 64);
INSERT INTO `stadiumplanitem` VALUES (830, '18:00:00', '19:00:00', 10, '空闲', 64);
INSERT INTO `stadiumplanitem` VALUES (831, '19:00:00', '20:00:00', 11, '空闲', 64);
INSERT INTO `stadiumplanitem` VALUES (832, '20:00:00', '21:00:00', 12, '空闲', 64);
INSERT INTO `stadiumplanitem` VALUES (833, '08:00:00', '09:00:00', 0, '空闲', 65);
INSERT INTO `stadiumplanitem` VALUES (834, '09:00:00', '10:00:00', 1, '空闲', 65);
INSERT INTO `stadiumplanitem` VALUES (835, '10:00:00', '11:00:00', 2, '空闲', 65);
INSERT INTO `stadiumplanitem` VALUES (836, '11:00:00', '12:00:00', 3, '空闲', 65);
INSERT INTO `stadiumplanitem` VALUES (837, '12:00:00', '13:00:00', 4, '空闲', 65);
INSERT INTO `stadiumplanitem` VALUES (838, '13:00:00', '14:00:00', 5, '空闲', 65);
INSERT INTO `stadiumplanitem` VALUES (839, '14:00:00', '15:00:00', 6, '空闲', 65);
INSERT INTO `stadiumplanitem` VALUES (840, '15:00:00', '16:00:00', 7, '空闲', 65);
INSERT INTO `stadiumplanitem` VALUES (841, '16:00:00', '17:00:00', 8, '空闲', 65);
INSERT INTO `stadiumplanitem` VALUES (842, '17:00:00', '18:00:00', 9, '空闲', 65);
INSERT INTO `stadiumplanitem` VALUES (843, '18:00:00', '19:00:00', 10, '空闲', 65);
INSERT INTO `stadiumplanitem` VALUES (844, '19:00:00', '20:00:00', 11, '空闲', 65);
INSERT INTO `stadiumplanitem` VALUES (845, '20:00:00', '21:00:00', 12, '空闲', 65);
INSERT INTO `stadiumplanitem` VALUES (846, '08:00:00', '09:00:00', 0, '空闲', 66);
INSERT INTO `stadiumplanitem` VALUES (847, '09:00:00', '10:00:00', 1, '空闲', 66);
INSERT INTO `stadiumplanitem` VALUES (848, '10:00:00', '11:00:00', 2, '空闲', 66);
INSERT INTO `stadiumplanitem` VALUES (849, '11:00:00', '12:00:00', 3, '空闲', 66);
INSERT INTO `stadiumplanitem` VALUES (850, '12:00:00', '13:00:00', 4, '空闲', 66);
INSERT INTO `stadiumplanitem` VALUES (851, '13:00:00', '14:00:00', 5, '空闲', 66);
INSERT INTO `stadiumplanitem` VALUES (852, '14:00:00', '15:00:00', 6, '空闲', 66);
INSERT INTO `stadiumplanitem` VALUES (853, '15:00:00', '16:00:00', 7, '空闲', 66);
INSERT INTO `stadiumplanitem` VALUES (854, '16:00:00', '17:00:00', 8, '空闲', 66);
INSERT INTO `stadiumplanitem` VALUES (855, '17:00:00', '18:00:00', 9, '空闲', 66);
INSERT INTO `stadiumplanitem` VALUES (856, '18:00:00', '19:00:00', 10, '空闲', 66);
INSERT INTO `stadiumplanitem` VALUES (857, '19:00:00', '20:00:00', 11, '空闲', 66);
INSERT INTO `stadiumplanitem` VALUES (858, '20:00:00', '21:00:00', 12, '空闲', 66);
INSERT INTO `stadiumplanitem` VALUES (859, '08:00:00', '09:00:00', 0, '空闲', 67);
INSERT INTO `stadiumplanitem` VALUES (860, '09:00:00', '10:00:00', 1, '空闲', 67);
INSERT INTO `stadiumplanitem` VALUES (861, '10:00:00', '11:00:00', 2, '空闲', 67);
INSERT INTO `stadiumplanitem` VALUES (862, '11:00:00', '12:00:00', 3, '空闲', 67);
INSERT INTO `stadiumplanitem` VALUES (863, '12:00:00', '13:00:00', 4, '空闲', 67);
INSERT INTO `stadiumplanitem` VALUES (864, '13:00:00', '14:00:00', 5, '空闲', 67);
INSERT INTO `stadiumplanitem` VALUES (865, '14:00:00', '15:00:00', 6, '空闲', 67);
INSERT INTO `stadiumplanitem` VALUES (866, '15:00:00', '16:00:00', 7, '空闲', 67);
INSERT INTO `stadiumplanitem` VALUES (867, '16:00:00', '17:00:00', 8, '空闲', 67);
INSERT INTO `stadiumplanitem` VALUES (868, '17:00:00', '18:00:00', 9, '空闲', 67);
INSERT INTO `stadiumplanitem` VALUES (869, '18:00:00', '19:00:00', 10, '空闲', 67);
INSERT INTO `stadiumplanitem` VALUES (870, '19:00:00', '20:00:00', 11, '空闲', 67);
INSERT INTO `stadiumplanitem` VALUES (871, '20:00:00', '21:00:00', 12, '空闲', 67);
INSERT INTO `stadiumplanitem` VALUES (872, '08:00:00', '09:00:00', 0, '空闲', 68);
INSERT INTO `stadiumplanitem` VALUES (873, '09:00:00', '10:00:00', 1, '空闲', 68);
INSERT INTO `stadiumplanitem` VALUES (874, '10:00:00', '11:00:00', 2, '空闲', 68);
INSERT INTO `stadiumplanitem` VALUES (875, '11:00:00', '12:00:00', 3, '空闲', 68);
INSERT INTO `stadiumplanitem` VALUES (876, '12:00:00', '13:00:00', 4, '空闲', 68);
INSERT INTO `stadiumplanitem` VALUES (877, '13:00:00', '14:00:00', 5, '空闲', 68);
INSERT INTO `stadiumplanitem` VALUES (878, '14:00:00', '15:00:00', 6, '空闲', 68);
INSERT INTO `stadiumplanitem` VALUES (879, '15:00:00', '16:00:00', 7, '空闲', 68);
INSERT INTO `stadiumplanitem` VALUES (880, '16:00:00', '17:00:00', 8, '空闲', 68);
INSERT INTO `stadiumplanitem` VALUES (881, '17:00:00', '18:00:00', 9, '空闲', 68);
INSERT INTO `stadiumplanitem` VALUES (882, '18:00:00', '19:00:00', 10, '空闲', 68);
INSERT INTO `stadiumplanitem` VALUES (883, '19:00:00', '20:00:00', 11, '空闲', 68);
INSERT INTO `stadiumplanitem` VALUES (884, '20:00:00', '21:00:00', 12, '空闲', 68);
INSERT INTO `stadiumplanitem` VALUES (885, '08:00:00', '09:00:00', 0, '空闲', 69);
INSERT INTO `stadiumplanitem` VALUES (886, '09:00:00', '10:00:00', 1, '空闲', 69);
INSERT INTO `stadiumplanitem` VALUES (887, '10:00:00', '11:00:00', 2, '空闲', 69);
INSERT INTO `stadiumplanitem` VALUES (888, '11:00:00', '12:00:00', 3, '空闲', 69);
INSERT INTO `stadiumplanitem` VALUES (889, '12:00:00', '13:00:00', 4, '空闲', 69);
INSERT INTO `stadiumplanitem` VALUES (890, '13:00:00', '14:00:00', 5, '空闲', 69);
INSERT INTO `stadiumplanitem` VALUES (891, '14:00:00', '15:00:00', 6, '空闲', 69);
INSERT INTO `stadiumplanitem` VALUES (892, '15:00:00', '16:00:00', 7, '空闲', 69);
INSERT INTO `stadiumplanitem` VALUES (893, '16:00:00', '17:00:00', 8, '空闲', 69);
INSERT INTO `stadiumplanitem` VALUES (894, '17:00:00', '18:00:00', 9, '空闲', 69);
INSERT INTO `stadiumplanitem` VALUES (895, '18:00:00', '19:00:00', 10, '空闲', 69);
INSERT INTO `stadiumplanitem` VALUES (896, '19:00:00', '20:00:00', 11, '空闲', 69);
INSERT INTO `stadiumplanitem` VALUES (897, '20:00:00', '21:00:00', 12, '空闲', 69);
INSERT INTO `stadiumplanitem` VALUES (898, '08:00:00', '09:00:00', 0, '空闲', 70);
INSERT INTO `stadiumplanitem` VALUES (899, '09:00:00', '10:00:00', 1, '空闲', 70);
INSERT INTO `stadiumplanitem` VALUES (900, '10:00:00', '11:00:00', 2, '空闲', 70);
INSERT INTO `stadiumplanitem` VALUES (901, '11:00:00', '12:00:00', 3, '空闲', 70);
INSERT INTO `stadiumplanitem` VALUES (902, '12:00:00', '13:00:00', 4, '空闲', 70);
INSERT INTO `stadiumplanitem` VALUES (903, '13:00:00', '14:00:00', 5, '空闲', 70);
INSERT INTO `stadiumplanitem` VALUES (904, '14:00:00', '15:00:00', 6, '空闲', 70);
INSERT INTO `stadiumplanitem` VALUES (905, '15:00:00', '16:00:00', 7, '空闲', 70);
INSERT INTO `stadiumplanitem` VALUES (906, '16:00:00', '17:00:00', 8, '空闲', 70);
INSERT INTO `stadiumplanitem` VALUES (907, '17:00:00', '18:00:00', 9, '空闲', 70);
INSERT INTO `stadiumplanitem` VALUES (908, '18:00:00', '19:00:00', 10, '空闲', 70);
INSERT INTO `stadiumplanitem` VALUES (909, '19:00:00', '20:00:00', 11, '空闲', 70);
INSERT INTO `stadiumplanitem` VALUES (910, '20:00:00', '21:00:00', 12, '空闲', 70);
INSERT INTO `stadiumplanitem` VALUES (911, '08:00:00', '09:00:00', 0, '空闲', 71);
INSERT INTO `stadiumplanitem` VALUES (912, '09:00:00', '10:00:00', 1, '空闲', 71);
INSERT INTO `stadiumplanitem` VALUES (913, '10:00:00', '11:00:00', 2, '空闲', 71);
INSERT INTO `stadiumplanitem` VALUES (914, '11:00:00', '12:00:00', 3, '空闲', 71);
INSERT INTO `stadiumplanitem` VALUES (915, '12:00:00', '13:00:00', 4, '空闲', 71);
INSERT INTO `stadiumplanitem` VALUES (916, '13:00:00', '14:00:00', 5, '空闲', 71);
INSERT INTO `stadiumplanitem` VALUES (917, '14:00:00', '15:00:00', 6, '空闲', 71);
INSERT INTO `stadiumplanitem` VALUES (918, '15:00:00', '16:00:00', 7, '空闲', 71);
INSERT INTO `stadiumplanitem` VALUES (919, '16:00:00', '17:00:00', 8, '空闲', 71);
INSERT INTO `stadiumplanitem` VALUES (920, '17:00:00', '18:00:00', 9, '空闲', 71);
INSERT INTO `stadiumplanitem` VALUES (921, '18:00:00', '19:00:00', 10, '空闲', 71);
INSERT INTO `stadiumplanitem` VALUES (922, '19:00:00', '20:00:00', 11, '空闲', 71);
INSERT INTO `stadiumplanitem` VALUES (923, '20:00:00', '21:00:00', 12, '空闲', 71);
INSERT INTO `stadiumplanitem` VALUES (924, '08:00:00', '09:00:00', 0, '空闲', 72);
INSERT INTO `stadiumplanitem` VALUES (925, '09:00:00', '10:00:00', 1, '空闲', 72);
INSERT INTO `stadiumplanitem` VALUES (926, '10:00:00', '11:00:00', 2, '空闲', 72);
INSERT INTO `stadiumplanitem` VALUES (927, '11:00:00', '12:00:00', 3, '空闲', 72);
INSERT INTO `stadiumplanitem` VALUES (928, '12:00:00', '13:00:00', 4, '空闲', 72);
INSERT INTO `stadiumplanitem` VALUES (929, '13:00:00', '14:00:00', 5, '空闲', 72);
INSERT INTO `stadiumplanitem` VALUES (930, '14:00:00', '15:00:00', 6, '空闲', 72);
INSERT INTO `stadiumplanitem` VALUES (931, '15:00:00', '16:00:00', 7, '空闲', 72);
INSERT INTO `stadiumplanitem` VALUES (932, '16:00:00', '17:00:00', 8, '空闲', 72);
INSERT INTO `stadiumplanitem` VALUES (933, '17:00:00', '18:00:00', 9, '空闲', 72);
INSERT INTO `stadiumplanitem` VALUES (934, '18:00:00', '19:00:00', 10, '空闲', 72);
INSERT INTO `stadiumplanitem` VALUES (935, '19:00:00', '20:00:00', 11, '空闲', 72);
INSERT INTO `stadiumplanitem` VALUES (936, '20:00:00', '21:00:00', 12, '空闲', 72);
INSERT INTO `stadiumplanitem` VALUES (937, '08:00:00', '09:00:00', 0, '空闲', 73);
INSERT INTO `stadiumplanitem` VALUES (938, '09:00:00', '10:00:00', 1, '空闲', 73);
INSERT INTO `stadiumplanitem` VALUES (939, '10:00:00', '11:00:00', 2, '空闲', 73);
INSERT INTO `stadiumplanitem` VALUES (940, '11:00:00', '12:00:00', 3, '空闲', 73);
INSERT INTO `stadiumplanitem` VALUES (941, '12:00:00', '13:00:00', 4, '空闲', 73);
INSERT INTO `stadiumplanitem` VALUES (942, '13:00:00', '14:00:00', 5, '空闲', 73);
INSERT INTO `stadiumplanitem` VALUES (943, '14:00:00', '15:00:00', 6, '空闲', 73);
INSERT INTO `stadiumplanitem` VALUES (944, '15:00:00', '16:00:00', 7, '空闲', 73);
INSERT INTO `stadiumplanitem` VALUES (945, '16:00:00', '17:00:00', 8, '空闲', 73);
INSERT INTO `stadiumplanitem` VALUES (946, '17:00:00', '18:00:00', 9, '空闲', 73);
INSERT INTO `stadiumplanitem` VALUES (947, '18:00:00', '19:00:00', 10, '空闲', 73);
INSERT INTO `stadiumplanitem` VALUES (948, '19:00:00', '20:00:00', 11, '空闲', 73);
INSERT INTO `stadiumplanitem` VALUES (949, '20:00:00', '21:00:00', 12, '空闲', 73);
INSERT INTO `stadiumplanitem` VALUES (950, '08:00:00', '09:00:00', 0, '空闲', 74);
INSERT INTO `stadiumplanitem` VALUES (951, '09:00:00', '10:00:00', 1, '空闲', 74);
INSERT INTO `stadiumplanitem` VALUES (952, '10:00:00', '11:00:00', 2, '空闲', 74);
INSERT INTO `stadiumplanitem` VALUES (953, '11:00:00', '12:00:00', 3, '空闲', 74);
INSERT INTO `stadiumplanitem` VALUES (954, '12:00:00', '13:00:00', 4, '空闲', 74);
INSERT INTO `stadiumplanitem` VALUES (955, '13:00:00', '14:00:00', 5, '空闲', 74);
INSERT INTO `stadiumplanitem` VALUES (956, '14:00:00', '15:00:00', 6, '空闲', 74);
INSERT INTO `stadiumplanitem` VALUES (957, '15:00:00', '16:00:00', 7, '空闲', 74);
INSERT INTO `stadiumplanitem` VALUES (958, '16:00:00', '17:00:00', 8, '空闲', 74);
INSERT INTO `stadiumplanitem` VALUES (959, '17:00:00', '18:00:00', 9, '空闲', 74);
INSERT INTO `stadiumplanitem` VALUES (960, '18:00:00', '19:00:00', 10, '空闲', 74);
INSERT INTO `stadiumplanitem` VALUES (961, '19:00:00', '20:00:00', 11, '空闲', 74);
INSERT INTO `stadiumplanitem` VALUES (962, '20:00:00', '21:00:00', 12, '空闲', 74);
INSERT INTO `stadiumplanitem` VALUES (963, '08:00:00', '09:00:00', 0, '空闲', 75);
INSERT INTO `stadiumplanitem` VALUES (964, '09:00:00', '10:00:00', 1, '空闲', 75);
INSERT INTO `stadiumplanitem` VALUES (965, '10:00:00', '11:00:00', 2, '空闲', 75);
INSERT INTO `stadiumplanitem` VALUES (966, '11:00:00', '12:00:00', 3, '空闲', 75);
INSERT INTO `stadiumplanitem` VALUES (967, '12:00:00', '13:00:00', 4, '空闲', 75);
INSERT INTO `stadiumplanitem` VALUES (968, '13:00:00', '14:00:00', 5, '空闲', 75);
INSERT INTO `stadiumplanitem` VALUES (969, '14:00:00', '15:00:00', 6, '空闲', 75);
INSERT INTO `stadiumplanitem` VALUES (970, '15:00:00', '16:00:00', 7, '空闲', 75);
INSERT INTO `stadiumplanitem` VALUES (971, '16:00:00', '17:00:00', 8, '空闲', 75);
INSERT INTO `stadiumplanitem` VALUES (972, '17:00:00', '18:00:00', 9, '空闲', 75);
INSERT INTO `stadiumplanitem` VALUES (973, '18:00:00', '19:00:00', 10, '空闲', 75);
INSERT INTO `stadiumplanitem` VALUES (974, '19:00:00', '20:00:00', 11, '空闲', 75);
INSERT INTO `stadiumplanitem` VALUES (975, '20:00:00', '21:00:00', 12, '空闲', 75);
INSERT INTO `stadiumplanitem` VALUES (976, '08:00:00', '09:00:00', 0, '空闲', 76);
INSERT INTO `stadiumplanitem` VALUES (977, '09:00:00', '10:00:00', 1, '空闲', 76);
INSERT INTO `stadiumplanitem` VALUES (978, '10:00:00', '11:00:00', 2, '空闲', 76);
INSERT INTO `stadiumplanitem` VALUES (979, '11:00:00', '12:00:00', 3, '空闲', 76);
INSERT INTO `stadiumplanitem` VALUES (980, '12:00:00', '13:00:00', 4, '空闲', 76);
INSERT INTO `stadiumplanitem` VALUES (981, '13:00:00', '14:00:00', 5, '空闲', 76);
INSERT INTO `stadiumplanitem` VALUES (982, '14:00:00', '15:00:00', 6, '空闲', 76);
INSERT INTO `stadiumplanitem` VALUES (983, '15:00:00', '16:00:00', 7, '空闲', 76);
INSERT INTO `stadiumplanitem` VALUES (984, '16:00:00', '17:00:00', 8, '空闲', 76);
INSERT INTO `stadiumplanitem` VALUES (985, '17:00:00', '18:00:00', 9, '空闲', 76);
INSERT INTO `stadiumplanitem` VALUES (986, '18:00:00', '19:00:00', 10, '空闲', 76);
INSERT INTO `stadiumplanitem` VALUES (987, '19:00:00', '20:00:00', 11, '空闲', 76);
INSERT INTO `stadiumplanitem` VALUES (988, '20:00:00', '21:00:00', 12, '空闲', 76);
INSERT INTO `stadiumplanitem` VALUES (989, '08:00:00', '09:00:00', 0, '空闲', 77);
INSERT INTO `stadiumplanitem` VALUES (990, '09:00:00', '10:00:00', 1, '空闲', 77);
INSERT INTO `stadiumplanitem` VALUES (991, '10:00:00', '11:00:00', 2, '空闲', 77);
INSERT INTO `stadiumplanitem` VALUES (992, '11:00:00', '12:00:00', 3, '空闲', 77);
INSERT INTO `stadiumplanitem` VALUES (993, '12:00:00', '13:00:00', 4, '空闲', 77);
INSERT INTO `stadiumplanitem` VALUES (994, '13:00:00', '14:00:00', 5, '空闲', 77);
INSERT INTO `stadiumplanitem` VALUES (995, '14:00:00', '15:00:00', 6, '空闲', 77);
INSERT INTO `stadiumplanitem` VALUES (996, '15:00:00', '16:00:00', 7, '空闲', 77);
INSERT INTO `stadiumplanitem` VALUES (997, '16:00:00', '17:00:00', 8, '空闲', 77);
INSERT INTO `stadiumplanitem` VALUES (998, '17:00:00', '18:00:00', 9, '空闲', 77);
INSERT INTO `stadiumplanitem` VALUES (999, '18:00:00', '19:00:00', 10, '空闲', 77);
INSERT INTO `stadiumplanitem` VALUES (1000, '19:00:00', '20:00:00', 11, '空闲', 77);
INSERT INTO `stadiumplanitem` VALUES (1001, '20:00:00', '21:00:00', 12, '空闲', 77);
INSERT INTO `stadiumplanitem` VALUES (1002, '08:00:00', '09:00:00', 0, '空闲', 78);
INSERT INTO `stadiumplanitem` VALUES (1003, '09:00:00', '10:00:00', 1, '空闲', 78);
INSERT INTO `stadiumplanitem` VALUES (1004, '10:00:00', '11:00:00', 2, '空闲', 78);
INSERT INTO `stadiumplanitem` VALUES (1005, '11:00:00', '12:00:00', 3, '空闲', 78);
INSERT INTO `stadiumplanitem` VALUES (1006, '12:00:00', '13:00:00', 4, '空闲', 78);
INSERT INTO `stadiumplanitem` VALUES (1007, '13:00:00', '14:00:00', 5, '空闲', 78);
INSERT INTO `stadiumplanitem` VALUES (1008, '14:00:00', '15:00:00', 6, '空闲', 78);
INSERT INTO `stadiumplanitem` VALUES (1009, '15:00:00', '16:00:00', 7, '空闲', 78);
INSERT INTO `stadiumplanitem` VALUES (1010, '16:00:00', '17:00:00', 8, '空闲', 78);
INSERT INTO `stadiumplanitem` VALUES (1011, '17:00:00', '18:00:00', 9, '空闲', 78);
INSERT INTO `stadiumplanitem` VALUES (1012, '18:00:00', '19:00:00', 10, '空闲', 78);
INSERT INTO `stadiumplanitem` VALUES (1013, '19:00:00', '20:00:00', 11, '空闲', 78);
INSERT INTO `stadiumplanitem` VALUES (1014, '20:00:00', '21:00:00', 12, '空闲', 78);
INSERT INTO `stadiumplanitem` VALUES (1015, '08:00:00', '09:00:00', 0, '空闲', 79);
INSERT INTO `stadiumplanitem` VALUES (1016, '09:00:00', '10:00:00', 1, '空闲', 79);
INSERT INTO `stadiumplanitem` VALUES (1017, '10:00:00', '11:00:00', 2, '空闲', 79);
INSERT INTO `stadiumplanitem` VALUES (1018, '11:00:00', '12:00:00', 3, '空闲', 79);
INSERT INTO `stadiumplanitem` VALUES (1019, '12:00:00', '13:00:00', 4, '空闲', 79);
INSERT INTO `stadiumplanitem` VALUES (1020, '13:00:00', '14:00:00', 5, '空闲', 79);
INSERT INTO `stadiumplanitem` VALUES (1021, '14:00:00', '15:00:00', 6, '空闲', 79);
INSERT INTO `stadiumplanitem` VALUES (1022, '15:00:00', '16:00:00', 7, '空闲', 79);
INSERT INTO `stadiumplanitem` VALUES (1023, '16:00:00', '17:00:00', 8, '空闲', 79);
INSERT INTO `stadiumplanitem` VALUES (1024, '17:00:00', '18:00:00', 9, '空闲', 79);
INSERT INTO `stadiumplanitem` VALUES (1025, '18:00:00', '19:00:00', 10, '空闲', 79);
INSERT INTO `stadiumplanitem` VALUES (1026, '19:00:00', '20:00:00', 11, '空闲', 79);
INSERT INTO `stadiumplanitem` VALUES (1027, '20:00:00', '21:00:00', 12, '空闲', 79);
INSERT INTO `stadiumplanitem` VALUES (1028, '08:00:00', '09:00:00', 0, '空闲', 80);
INSERT INTO `stadiumplanitem` VALUES (1029, '09:00:00', '10:00:00', 1, '空闲', 80);
INSERT INTO `stadiumplanitem` VALUES (1030, '10:00:00', '11:00:00', 2, '空闲', 80);
INSERT INTO `stadiumplanitem` VALUES (1031, '11:00:00', '12:00:00', 3, '空闲', 80);
INSERT INTO `stadiumplanitem` VALUES (1032, '12:00:00', '13:00:00', 4, '空闲', 80);
INSERT INTO `stadiumplanitem` VALUES (1033, '13:00:00', '14:00:00', 5, '空闲', 80);
INSERT INTO `stadiumplanitem` VALUES (1034, '14:00:00', '15:00:00', 6, '空闲', 80);
INSERT INTO `stadiumplanitem` VALUES (1035, '15:00:00', '16:00:00', 7, '空闲', 80);
INSERT INTO `stadiumplanitem` VALUES (1036, '16:00:00', '17:00:00', 8, '空闲', 80);
INSERT INTO `stadiumplanitem` VALUES (1037, '17:00:00', '18:00:00', 9, '空闲', 80);
INSERT INTO `stadiumplanitem` VALUES (1038, '18:00:00', '19:00:00', 10, '空闲', 80);
INSERT INTO `stadiumplanitem` VALUES (1039, '19:00:00', '20:00:00', 11, '空闲', 80);
INSERT INTO `stadiumplanitem` VALUES (1040, '20:00:00', '21:00:00', 12, '空闲', 80);
INSERT INTO `stadiumplanitem` VALUES (1041, '08:00:00', '09:00:00', 0, '空闲', 81);
INSERT INTO `stadiumplanitem` VALUES (1042, '09:00:00', '10:00:00', 1, '空闲', 81);
INSERT INTO `stadiumplanitem` VALUES (1043, '10:00:00', '11:00:00', 2, '空闲', 81);
INSERT INTO `stadiumplanitem` VALUES (1044, '11:00:00', '12:00:00', 3, '空闲', 81);
INSERT INTO `stadiumplanitem` VALUES (1045, '12:00:00', '13:00:00', 4, '空闲', 81);
INSERT INTO `stadiumplanitem` VALUES (1046, '13:00:00', '14:00:00', 5, '空闲', 81);
INSERT INTO `stadiumplanitem` VALUES (1047, '14:00:00', '15:00:00', 6, '空闲', 81);
INSERT INTO `stadiumplanitem` VALUES (1048, '15:00:00', '16:00:00', 7, '空闲', 81);
INSERT INTO `stadiumplanitem` VALUES (1049, '16:00:00', '17:00:00', 8, '空闲', 81);
INSERT INTO `stadiumplanitem` VALUES (1050, '17:00:00', '18:00:00', 9, '空闲', 81);
INSERT INTO `stadiumplanitem` VALUES (1051, '18:00:00', '19:00:00', 10, '空闲', 81);
INSERT INTO `stadiumplanitem` VALUES (1052, '19:00:00', '20:00:00', 11, '空闲', 81);
INSERT INTO `stadiumplanitem` VALUES (1053, '20:00:00', '21:00:00', 12, '空闲', 81);
INSERT INTO `stadiumplanitem` VALUES (1054, '08:00:00', '09:00:00', 0, '空闲', 82);
INSERT INTO `stadiumplanitem` VALUES (1055, '09:00:00', '10:00:00', 1, '空闲', 82);
INSERT INTO `stadiumplanitem` VALUES (1056, '10:00:00', '11:00:00', 2, '空闲', 82);
INSERT INTO `stadiumplanitem` VALUES (1057, '11:00:00', '12:00:00', 3, '空闲', 82);
INSERT INTO `stadiumplanitem` VALUES (1058, '12:00:00', '13:00:00', 4, '空闲', 82);
INSERT INTO `stadiumplanitem` VALUES (1059, '13:00:00', '14:00:00', 5, '空闲', 82);
INSERT INTO `stadiumplanitem` VALUES (1060, '14:00:00', '15:00:00', 6, '空闲', 82);
INSERT INTO `stadiumplanitem` VALUES (1061, '15:00:00', '16:00:00', 7, '空闲', 82);
INSERT INTO `stadiumplanitem` VALUES (1062, '16:00:00', '17:00:00', 8, '空闲', 82);
INSERT INTO `stadiumplanitem` VALUES (1063, '17:00:00', '18:00:00', 9, '空闲', 82);
INSERT INTO `stadiumplanitem` VALUES (1064, '18:00:00', '19:00:00', 10, '空闲', 82);
INSERT INTO `stadiumplanitem` VALUES (1065, '19:00:00', '20:00:00', 11, '空闲', 82);
INSERT INTO `stadiumplanitem` VALUES (1066, '20:00:00', '21:00:00', 12, '空闲', 82);
INSERT INTO `stadiumplanitem` VALUES (1067, '08:00:00', '09:00:00', 0, '空闲', 83);
INSERT INTO `stadiumplanitem` VALUES (1068, '09:00:00', '10:00:00', 1, '空闲', 83);
INSERT INTO `stadiumplanitem` VALUES (1069, '10:00:00', '11:00:00', 2, '空闲', 83);
INSERT INTO `stadiumplanitem` VALUES (1070, '11:00:00', '12:00:00', 3, '空闲', 83);
INSERT INTO `stadiumplanitem` VALUES (1071, '12:00:00', '13:00:00', 4, '空闲', 83);
INSERT INTO `stadiumplanitem` VALUES (1072, '13:00:00', '14:00:00', 5, '空闲', 83);
INSERT INTO `stadiumplanitem` VALUES (1073, '14:00:00', '15:00:00', 6, '空闲', 83);
INSERT INTO `stadiumplanitem` VALUES (1074, '15:00:00', '16:00:00', 7, '空闲', 83);
INSERT INTO `stadiumplanitem` VALUES (1075, '16:00:00', '17:00:00', 8, '空闲', 83);
INSERT INTO `stadiumplanitem` VALUES (1076, '17:00:00', '18:00:00', 9, '空闲', 83);
INSERT INTO `stadiumplanitem` VALUES (1077, '18:00:00', '19:00:00', 10, '空闲', 83);
INSERT INTO `stadiumplanitem` VALUES (1078, '19:00:00', '20:00:00', 11, '空闲', 83);
INSERT INTO `stadiumplanitem` VALUES (1079, '20:00:00', '21:00:00', 12, '空闲', 83);
INSERT INTO `stadiumplanitem` VALUES (1080, '08:00:00', '09:00:00', 0, '空闲', 84);
INSERT INTO `stadiumplanitem` VALUES (1081, '09:00:00', '10:00:00', 1, '空闲', 84);
INSERT INTO `stadiumplanitem` VALUES (1082, '10:00:00', '11:00:00', 2, '空闲', 84);
INSERT INTO `stadiumplanitem` VALUES (1083, '11:00:00', '12:00:00', 3, '空闲', 84);
INSERT INTO `stadiumplanitem` VALUES (1084, '12:00:00', '13:00:00', 4, '空闲', 84);
INSERT INTO `stadiumplanitem` VALUES (1085, '13:00:00', '14:00:00', 5, '空闲', 84);
INSERT INTO `stadiumplanitem` VALUES (1086, '14:00:00', '15:00:00', 6, '空闲', 84);
INSERT INTO `stadiumplanitem` VALUES (1087, '15:00:00', '16:00:00', 7, '空闲', 84);
INSERT INTO `stadiumplanitem` VALUES (1088, '16:00:00', '17:00:00', 8, '空闲', 84);
INSERT INTO `stadiumplanitem` VALUES (1089, '17:00:00', '18:00:00', 9, '空闲', 84);
INSERT INTO `stadiumplanitem` VALUES (1090, '18:00:00', '19:00:00', 10, '空闲', 84);
INSERT INTO `stadiumplanitem` VALUES (1091, '19:00:00', '20:00:00', 11, '空闲', 84);
INSERT INTO `stadiumplanitem` VALUES (1092, '20:00:00', '21:00:00', 12, '空闲', 84);
INSERT INTO `stadiumplanitem` VALUES (1093, '08:00:00', '09:00:00', 0, '空闲', 85);
INSERT INTO `stadiumplanitem` VALUES (1094, '09:00:00', '10:00:00', 1, '空闲', 85);
INSERT INTO `stadiumplanitem` VALUES (1095, '10:00:00', '11:00:00', 2, '空闲', 85);
INSERT INTO `stadiumplanitem` VALUES (1096, '11:00:00', '12:00:00', 3, '空闲', 85);
INSERT INTO `stadiumplanitem` VALUES (1097, '12:00:00', '13:00:00', 4, '空闲', 85);
INSERT INTO `stadiumplanitem` VALUES (1098, '13:00:00', '14:00:00', 5, '空闲', 85);
INSERT INTO `stadiumplanitem` VALUES (1099, '14:00:00', '15:00:00', 6, '空闲', 85);
INSERT INTO `stadiumplanitem` VALUES (1100, '15:00:00', '16:00:00', 7, '空闲', 85);
INSERT INTO `stadiumplanitem` VALUES (1101, '16:00:00', '17:00:00', 8, '空闲', 85);
INSERT INTO `stadiumplanitem` VALUES (1102, '17:00:00', '18:00:00', 9, '空闲', 85);
INSERT INTO `stadiumplanitem` VALUES (1103, '18:00:00', '19:00:00', 10, '空闲', 85);
INSERT INTO `stadiumplanitem` VALUES (1104, '19:00:00', '20:00:00', 11, '空闲', 85);
INSERT INTO `stadiumplanitem` VALUES (1105, '20:00:00', '21:00:00', 12, '空闲', 85);
INSERT INTO `stadiumplanitem` VALUES (1106, '08:00:00', '09:00:00', 0, '空闲', 86);
INSERT INTO `stadiumplanitem` VALUES (1107, '09:00:00', '10:00:00', 1, '空闲', 86);
INSERT INTO `stadiumplanitem` VALUES (1108, '10:00:00', '11:00:00', 2, '空闲', 86);
INSERT INTO `stadiumplanitem` VALUES (1109, '11:00:00', '12:00:00', 3, '空闲', 86);
INSERT INTO `stadiumplanitem` VALUES (1110, '12:00:00', '13:00:00', 4, '空闲', 86);
INSERT INTO `stadiumplanitem` VALUES (1111, '13:00:00', '14:00:00', 5, '空闲', 86);
INSERT INTO `stadiumplanitem` VALUES (1112, '14:00:00', '15:00:00', 6, '空闲', 86);
INSERT INTO `stadiumplanitem` VALUES (1113, '15:00:00', '16:00:00', 7, '空闲', 86);
INSERT INTO `stadiumplanitem` VALUES (1114, '16:00:00', '17:00:00', 8, '空闲', 86);
INSERT INTO `stadiumplanitem` VALUES (1115, '17:00:00', '18:00:00', 9, '空闲', 86);
INSERT INTO `stadiumplanitem` VALUES (1116, '18:00:00', '19:00:00', 10, '空闲', 86);
INSERT INTO `stadiumplanitem` VALUES (1117, '19:00:00', '20:00:00', 11, '空闲', 86);
INSERT INTO `stadiumplanitem` VALUES (1118, '20:00:00', '21:00:00', 12, '空闲', 86);
INSERT INTO `stadiumplanitem` VALUES (1119, '08:00:00', '09:00:00', 0, '空闲', 87);
INSERT INTO `stadiumplanitem` VALUES (1120, '09:00:00', '10:00:00', 1, '空闲', 87);
INSERT INTO `stadiumplanitem` VALUES (1121, '10:00:00', '11:00:00', 2, '空闲', 87);
INSERT INTO `stadiumplanitem` VALUES (1122, '11:00:00', '12:00:00', 3, '空闲', 87);
INSERT INTO `stadiumplanitem` VALUES (1123, '12:00:00', '13:00:00', 4, '空闲', 87);
INSERT INTO `stadiumplanitem` VALUES (1124, '13:00:00', '14:00:00', 5, '空闲', 87);
INSERT INTO `stadiumplanitem` VALUES (1125, '14:00:00', '15:00:00', 6, '空闲', 87);
INSERT INTO `stadiumplanitem` VALUES (1126, '15:00:00', '16:00:00', 7, '空闲', 87);
INSERT INTO `stadiumplanitem` VALUES (1127, '16:00:00', '17:00:00', 8, '空闲', 87);
INSERT INTO `stadiumplanitem` VALUES (1128, '17:00:00', '18:00:00', 9, '空闲', 87);
INSERT INTO `stadiumplanitem` VALUES (1129, '18:00:00', '19:00:00', 10, '空闲', 87);
INSERT INTO `stadiumplanitem` VALUES (1130, '19:00:00', '20:00:00', 11, '空闲', 87);
INSERT INTO `stadiumplanitem` VALUES (1131, '20:00:00', '21:00:00', 12, '空闲', 87);
INSERT INTO `stadiumplanitem` VALUES (1132, '08:00:00', '09:00:00', 0, '空闲', 88);
INSERT INTO `stadiumplanitem` VALUES (1133, '09:00:00', '10:00:00', 1, '空闲', 88);
INSERT INTO `stadiumplanitem` VALUES (1134, '10:00:00', '11:00:00', 2, '空闲', 88);
INSERT INTO `stadiumplanitem` VALUES (1135, '11:00:00', '12:00:00', 3, '空闲', 88);
INSERT INTO `stadiumplanitem` VALUES (1136, '12:00:00', '13:00:00', 4, '空闲', 88);
INSERT INTO `stadiumplanitem` VALUES (1137, '13:00:00', '14:00:00', 5, '空闲', 88);
INSERT INTO `stadiumplanitem` VALUES (1138, '14:00:00', '15:00:00', 6, '空闲', 88);
INSERT INTO `stadiumplanitem` VALUES (1139, '15:00:00', '16:00:00', 7, '空闲', 88);
INSERT INTO `stadiumplanitem` VALUES (1140, '16:00:00', '17:00:00', 8, '空闲', 88);
INSERT INTO `stadiumplanitem` VALUES (1141, '17:00:00', '18:00:00', 9, '空闲', 88);
INSERT INTO `stadiumplanitem` VALUES (1142, '18:00:00', '19:00:00', 10, '空闲', 88);
INSERT INTO `stadiumplanitem` VALUES (1143, '19:00:00', '20:00:00', 11, '空闲', 88);
INSERT INTO `stadiumplanitem` VALUES (1144, '20:00:00', '21:00:00', 12, '空闲', 88);
INSERT INTO `stadiumplanitem` VALUES (1145, '08:00:00', '09:00:00', 0, '空闲', 89);
INSERT INTO `stadiumplanitem` VALUES (1146, '09:00:00', '10:00:00', 1, '空闲', 89);
INSERT INTO `stadiumplanitem` VALUES (1147, '10:00:00', '11:00:00', 2, '空闲', 89);
INSERT INTO `stadiumplanitem` VALUES (1148, '11:00:00', '12:00:00', 3, '空闲', 89);
INSERT INTO `stadiumplanitem` VALUES (1149, '12:00:00', '13:00:00', 4, '空闲', 89);
INSERT INTO `stadiumplanitem` VALUES (1150, '13:00:00', '14:00:00', 5, '空闲', 89);
INSERT INTO `stadiumplanitem` VALUES (1151, '14:00:00', '15:00:00', 6, '空闲', 89);
INSERT INTO `stadiumplanitem` VALUES (1152, '15:00:00', '16:00:00', 7, '空闲', 89);
INSERT INTO `stadiumplanitem` VALUES (1153, '16:00:00', '17:00:00', 8, '空闲', 89);
INSERT INTO `stadiumplanitem` VALUES (1154, '17:00:00', '18:00:00', 9, '空闲', 89);
INSERT INTO `stadiumplanitem` VALUES (1155, '18:00:00', '19:00:00', 10, '空闲', 89);
INSERT INTO `stadiumplanitem` VALUES (1156, '19:00:00', '20:00:00', 11, '空闲', 89);
INSERT INTO `stadiumplanitem` VALUES (1157, '20:00:00', '21:00:00', 12, '空闲', 89);
INSERT INTO `stadiumplanitem` VALUES (1158, '08:00:00', '09:00:00', 0, '空闲', 90);
INSERT INTO `stadiumplanitem` VALUES (1159, '09:00:00', '10:00:00', 1, '空闲', 90);
INSERT INTO `stadiumplanitem` VALUES (1160, '10:00:00', '11:00:00', 2, '空闲', 90);
INSERT INTO `stadiumplanitem` VALUES (1161, '11:00:00', '12:00:00', 3, '空闲', 90);
INSERT INTO `stadiumplanitem` VALUES (1162, '12:00:00', '13:00:00', 4, '空闲', 90);
INSERT INTO `stadiumplanitem` VALUES (1163, '13:00:00', '14:00:00', 5, '空闲', 90);
INSERT INTO `stadiumplanitem` VALUES (1164, '14:00:00', '15:00:00', 6, '空闲', 90);
INSERT INTO `stadiumplanitem` VALUES (1165, '15:00:00', '16:00:00', 7, '空闲', 90);
INSERT INTO `stadiumplanitem` VALUES (1166, '16:00:00', '17:00:00', 8, '空闲', 90);
INSERT INTO `stadiumplanitem` VALUES (1167, '17:00:00', '18:00:00', 9, '空闲', 90);
INSERT INTO `stadiumplanitem` VALUES (1168, '18:00:00', '19:00:00', 10, '空闲', 90);
INSERT INTO `stadiumplanitem` VALUES (1169, '19:00:00', '20:00:00', 11, '空闲', 90);
INSERT INTO `stadiumplanitem` VALUES (1170, '20:00:00', '21:00:00', 12, '空闲', 90);
INSERT INTO `stadiumplanitem` VALUES (1171, '08:00:00', '09:00:00', 0, '空闲', 91);
INSERT INTO `stadiumplanitem` VALUES (1172, '09:00:00', '10:00:00', 1, '空闲', 91);
INSERT INTO `stadiumplanitem` VALUES (1173, '10:00:00', '11:00:00', 2, '空闲', 91);
INSERT INTO `stadiumplanitem` VALUES (1174, '11:00:00', '12:00:00', 3, '空闲', 91);
INSERT INTO `stadiumplanitem` VALUES (1175, '12:00:00', '13:00:00', 4, '空闲', 91);
INSERT INTO `stadiumplanitem` VALUES (1176, '13:00:00', '14:00:00', 5, '空闲', 91);
INSERT INTO `stadiumplanitem` VALUES (1177, '14:00:00', '15:00:00', 6, '空闲', 91);
INSERT INTO `stadiumplanitem` VALUES (1178, '15:00:00', '16:00:00', 7, '空闲', 91);
INSERT INTO `stadiumplanitem` VALUES (1179, '16:00:00', '17:00:00', 8, '空闲', 91);
INSERT INTO `stadiumplanitem` VALUES (1180, '17:00:00', '18:00:00', 9, '空闲', 91);
INSERT INTO `stadiumplanitem` VALUES (1181, '18:00:00', '19:00:00', 10, '空闲', 91);
INSERT INTO `stadiumplanitem` VALUES (1182, '19:00:00', '20:00:00', 11, '空闲', 91);
INSERT INTO `stadiumplanitem` VALUES (1183, '20:00:00', '21:00:00', 12, '空闲', 91);
INSERT INTO `stadiumplanitem` VALUES (1184, '08:00:00', '09:00:00', 0, '空闲', 92);
INSERT INTO `stadiumplanitem` VALUES (1185, '09:00:00', '10:00:00', 1, '空闲', 92);
INSERT INTO `stadiumplanitem` VALUES (1186, '10:00:00', '11:00:00', 2, '空闲', 92);
INSERT INTO `stadiumplanitem` VALUES (1187, '11:00:00', '12:00:00', 3, '空闲', 92);
INSERT INTO `stadiumplanitem` VALUES (1188, '12:00:00', '13:00:00', 4, '空闲', 92);
INSERT INTO `stadiumplanitem` VALUES (1189, '13:00:00', '14:00:00', 5, '空闲', 92);
INSERT INTO `stadiumplanitem` VALUES (1190, '14:00:00', '15:00:00', 6, '空闲', 92);
INSERT INTO `stadiumplanitem` VALUES (1191, '15:00:00', '16:00:00', 7, '空闲', 92);
INSERT INTO `stadiumplanitem` VALUES (1192, '16:00:00', '17:00:00', 8, '空闲', 92);
INSERT INTO `stadiumplanitem` VALUES (1193, '17:00:00', '18:00:00', 9, '空闲', 92);
INSERT INTO `stadiumplanitem` VALUES (1194, '18:00:00', '19:00:00', 10, '空闲', 92);
INSERT INTO `stadiumplanitem` VALUES (1195, '19:00:00', '20:00:00', 11, '空闲', 92);
INSERT INTO `stadiumplanitem` VALUES (1196, '20:00:00', '21:00:00', 12, '空闲', 92);
INSERT INTO `stadiumplanitem` VALUES (1197, '08:00:00', '09:00:00', 0, '空闲', 93);
INSERT INTO `stadiumplanitem` VALUES (1198, '09:00:00', '10:00:00', 1, '空闲', 93);
INSERT INTO `stadiumplanitem` VALUES (1199, '10:00:00', '11:00:00', 2, '空闲', 93);
INSERT INTO `stadiumplanitem` VALUES (1200, '11:00:00', '12:00:00', 3, '空闲', 93);
INSERT INTO `stadiumplanitem` VALUES (1201, '12:00:00', '13:00:00', 4, '空闲', 93);
INSERT INTO `stadiumplanitem` VALUES (1202, '13:00:00', '14:00:00', 5, '空闲', 93);
INSERT INTO `stadiumplanitem` VALUES (1203, '14:00:00', '15:00:00', 6, '空闲', 93);
INSERT INTO `stadiumplanitem` VALUES (1204, '15:00:00', '16:00:00', 7, '空闲', 93);
INSERT INTO `stadiumplanitem` VALUES (1205, '16:00:00', '17:00:00', 8, '空闲', 93);
INSERT INTO `stadiumplanitem` VALUES (1206, '17:00:00', '18:00:00', 9, '空闲', 93);
INSERT INTO `stadiumplanitem` VALUES (1207, '18:00:00', '19:00:00', 10, '空闲', 93);
INSERT INTO `stadiumplanitem` VALUES (1208, '19:00:00', '20:00:00', 11, '空闲', 93);
INSERT INTO `stadiumplanitem` VALUES (1209, '20:00:00', '21:00:00', 12, '空闲', 93);
INSERT INTO `stadiumplanitem` VALUES (1210, '08:00:00', '09:00:00', 0, '空闲', 94);
INSERT INTO `stadiumplanitem` VALUES (1211, '09:00:00', '10:00:00', 1, '空闲', 94);
INSERT INTO `stadiumplanitem` VALUES (1212, '10:00:00', '11:00:00', 2, '空闲', 94);
INSERT INTO `stadiumplanitem` VALUES (1213, '11:00:00', '12:00:00', 3, '空闲', 94);
INSERT INTO `stadiumplanitem` VALUES (1214, '12:00:00', '13:00:00', 4, '空闲', 94);
INSERT INTO `stadiumplanitem` VALUES (1215, '13:00:00', '14:00:00', 5, '空闲', 94);
INSERT INTO `stadiumplanitem` VALUES (1216, '14:00:00', '15:00:00', 6, '空闲', 94);
INSERT INTO `stadiumplanitem` VALUES (1217, '15:00:00', '16:00:00', 7, '空闲', 94);
INSERT INTO `stadiumplanitem` VALUES (1218, '16:00:00', '17:00:00', 8, '空闲', 94);
INSERT INTO `stadiumplanitem` VALUES (1219, '17:00:00', '18:00:00', 9, '空闲', 94);
INSERT INTO `stadiumplanitem` VALUES (1220, '18:00:00', '19:00:00', 10, '空闲', 94);
INSERT INTO `stadiumplanitem` VALUES (1221, '19:00:00', '20:00:00', 11, '空闲', 94);
INSERT INTO `stadiumplanitem` VALUES (1222, '20:00:00', '21:00:00', 12, '空闲', 94);
INSERT INTO `stadiumplanitem` VALUES (1223, '08:00:00', '09:00:00', 0, '空闲', 95);
INSERT INTO `stadiumplanitem` VALUES (1224, '09:00:00', '10:00:00', 1, '空闲', 95);
INSERT INTO `stadiumplanitem` VALUES (1225, '10:00:00', '11:00:00', 2, '空闲', 95);
INSERT INTO `stadiumplanitem` VALUES (1226, '11:00:00', '12:00:00', 3, '空闲', 95);
INSERT INTO `stadiumplanitem` VALUES (1227, '12:00:00', '13:00:00', 4, '空闲', 95);
INSERT INTO `stadiumplanitem` VALUES (1228, '13:00:00', '14:00:00', 5, '空闲', 95);
INSERT INTO `stadiumplanitem` VALUES (1229, '14:00:00', '15:00:00', 6, '空闲', 95);
INSERT INTO `stadiumplanitem` VALUES (1230, '15:00:00', '16:00:00', 7, '空闲', 95);
INSERT INTO `stadiumplanitem` VALUES (1231, '16:00:00', '17:00:00', 8, '空闲', 95);
INSERT INTO `stadiumplanitem` VALUES (1232, '17:00:00', '18:00:00', 9, '空闲', 95);
INSERT INTO `stadiumplanitem` VALUES (1233, '18:00:00', '19:00:00', 10, '空闲', 95);
INSERT INTO `stadiumplanitem` VALUES (1234, '19:00:00', '20:00:00', 11, '空闲', 95);
INSERT INTO `stadiumplanitem` VALUES (1235, '20:00:00', '21:00:00', 12, '空闲', 95);
INSERT INTO `stadiumplanitem` VALUES (1236, '08:00:00', '09:00:00', 0, '空闲', 96);
INSERT INTO `stadiumplanitem` VALUES (1237, '09:00:00', '10:00:00', 1, '空闲', 96);
INSERT INTO `stadiumplanitem` VALUES (1238, '10:00:00', '11:00:00', 2, '空闲', 96);
INSERT INTO `stadiumplanitem` VALUES (1239, '11:00:00', '12:00:00', 3, '空闲', 96);
INSERT INTO `stadiumplanitem` VALUES (1240, '12:00:00', '13:00:00', 4, '空闲', 96);
INSERT INTO `stadiumplanitem` VALUES (1241, '13:00:00', '14:00:00', 5, '空闲', 96);
INSERT INTO `stadiumplanitem` VALUES (1242, '14:00:00', '15:00:00', 6, '空闲', 96);
INSERT INTO `stadiumplanitem` VALUES (1243, '15:00:00', '16:00:00', 7, '空闲', 96);
INSERT INTO `stadiumplanitem` VALUES (1244, '16:00:00', '17:00:00', 8, '空闲', 96);
INSERT INTO `stadiumplanitem` VALUES (1245, '17:00:00', '18:00:00', 9, '空闲', 96);
INSERT INTO `stadiumplanitem` VALUES (1246, '18:00:00', '19:00:00', 10, '空闲', 96);
INSERT INTO `stadiumplanitem` VALUES (1247, '19:00:00', '20:00:00', 11, '空闲', 96);
INSERT INTO `stadiumplanitem` VALUES (1248, '20:00:00', '21:00:00', 12, '空闲', 96);
INSERT INTO `stadiumplanitem` VALUES (1249, '08:00:00', '09:00:00', 0, '空闲', 97);
INSERT INTO `stadiumplanitem` VALUES (1250, '09:00:00', '10:00:00', 1, '空闲', 97);
INSERT INTO `stadiumplanitem` VALUES (1251, '10:00:00', '11:00:00', 2, '空闲', 97);
INSERT INTO `stadiumplanitem` VALUES (1252, '11:00:00', '12:00:00', 3, '空闲', 97);
INSERT INTO `stadiumplanitem` VALUES (1253, '12:00:00', '13:00:00', 4, '空闲', 97);
INSERT INTO `stadiumplanitem` VALUES (1254, '13:00:00', '14:00:00', 5, '空闲', 97);
INSERT INTO `stadiumplanitem` VALUES (1255, '14:00:00', '15:00:00', 6, '空闲', 97);
INSERT INTO `stadiumplanitem` VALUES (1256, '15:00:00', '16:00:00', 7, '空闲', 97);
INSERT INTO `stadiumplanitem` VALUES (1257, '16:00:00', '17:00:00', 8, '空闲', 97);
INSERT INTO `stadiumplanitem` VALUES (1258, '17:00:00', '18:00:00', 9, '空闲', 97);
INSERT INTO `stadiumplanitem` VALUES (1259, '18:00:00', '19:00:00', 10, '空闲', 97);
INSERT INTO `stadiumplanitem` VALUES (1260, '19:00:00', '20:00:00', 11, '空闲', 97);
INSERT INTO `stadiumplanitem` VALUES (1261, '20:00:00', '21:00:00', 12, '空闲', 97);
INSERT INTO `stadiumplanitem` VALUES (1262, '08:00:00', '09:00:00', 0, '空闲', 98);
INSERT INTO `stadiumplanitem` VALUES (1263, '09:00:00', '10:00:00', 1, '空闲', 98);
INSERT INTO `stadiumplanitem` VALUES (1264, '10:00:00', '11:00:00', 2, '空闲', 98);
INSERT INTO `stadiumplanitem` VALUES (1265, '11:00:00', '12:00:00', 3, '空闲', 98);
INSERT INTO `stadiumplanitem` VALUES (1266, '12:00:00', '13:00:00', 4, '空闲', 98);
INSERT INTO `stadiumplanitem` VALUES (1267, '13:00:00', '14:00:00', 5, '空闲', 98);
INSERT INTO `stadiumplanitem` VALUES (1268, '14:00:00', '15:00:00', 6, '空闲', 98);
INSERT INTO `stadiumplanitem` VALUES (1269, '15:00:00', '16:00:00', 7, '空闲', 98);
INSERT INTO `stadiumplanitem` VALUES (1270, '16:00:00', '17:00:00', 8, '空闲', 98);
INSERT INTO `stadiumplanitem` VALUES (1271, '17:00:00', '18:00:00', 9, '空闲', 98);
INSERT INTO `stadiumplanitem` VALUES (1272, '18:00:00', '19:00:00', 10, '空闲', 98);
INSERT INTO `stadiumplanitem` VALUES (1273, '19:00:00', '20:00:00', 11, '空闲', 98);
INSERT INTO `stadiumplanitem` VALUES (1274, '20:00:00', '21:00:00', 12, '空闲', 98);
INSERT INTO `stadiumplanitem` VALUES (1275, '08:00:00', '09:00:00', 0, '空闲', 99);
INSERT INTO `stadiumplanitem` VALUES (1276, '09:00:00', '10:00:00', 1, '空闲', 99);
INSERT INTO `stadiumplanitem` VALUES (1277, '10:00:00', '11:00:00', 2, '空闲', 99);
INSERT INTO `stadiumplanitem` VALUES (1278, '11:00:00', '12:00:00', 3, '空闲', 99);
INSERT INTO `stadiumplanitem` VALUES (1279, '12:00:00', '13:00:00', 4, '空闲', 99);
INSERT INTO `stadiumplanitem` VALUES (1280, '13:00:00', '14:00:00', 5, '空闲', 99);
INSERT INTO `stadiumplanitem` VALUES (1281, '14:00:00', '15:00:00', 6, '空闲', 99);
INSERT INTO `stadiumplanitem` VALUES (1282, '15:00:00', '16:00:00', 7, '空闲', 99);
INSERT INTO `stadiumplanitem` VALUES (1283, '16:00:00', '17:00:00', 8, '空闲', 99);
INSERT INTO `stadiumplanitem` VALUES (1284, '17:00:00', '18:00:00', 9, '空闲', 99);
INSERT INTO `stadiumplanitem` VALUES (1285, '18:00:00', '19:00:00', 10, '空闲', 99);
INSERT INTO `stadiumplanitem` VALUES (1286, '19:00:00', '20:00:00', 11, '空闲', 99);
INSERT INTO `stadiumplanitem` VALUES (1287, '20:00:00', '21:00:00', 12, '空闲', 99);
INSERT INTO `stadiumplanitem` VALUES (1288, '08:00:00', '09:00:00', 0, '空闲', 100);
INSERT INTO `stadiumplanitem` VALUES (1289, '09:00:00', '10:00:00', 1, '空闲', 100);
INSERT INTO `stadiumplanitem` VALUES (1290, '10:00:00', '11:00:00', 2, '空闲', 100);
INSERT INTO `stadiumplanitem` VALUES (1291, '11:00:00', '12:00:00', 3, '空闲', 100);
INSERT INTO `stadiumplanitem` VALUES (1292, '12:00:00', '13:00:00', 4, '空闲', 100);
INSERT INTO `stadiumplanitem` VALUES (1293, '13:00:00', '14:00:00', 5, '空闲', 100);
INSERT INTO `stadiumplanitem` VALUES (1294, '14:00:00', '15:00:00', 6, '空闲', 100);
INSERT INTO `stadiumplanitem` VALUES (1295, '15:00:00', '16:00:00', 7, '空闲', 100);
INSERT INTO `stadiumplanitem` VALUES (1296, '16:00:00', '17:00:00', 8, '空闲', 100);
INSERT INTO `stadiumplanitem` VALUES (1297, '17:00:00', '18:00:00', 9, '空闲', 100);
INSERT INTO `stadiumplanitem` VALUES (1298, '18:00:00', '19:00:00', 10, '空闲', 100);
INSERT INTO `stadiumplanitem` VALUES (1299, '19:00:00', '20:00:00', 11, '空闲', 100);
INSERT INTO `stadiumplanitem` VALUES (1300, '20:00:00', '21:00:00', 12, '空闲', 100);
INSERT INTO `stadiumplanitem` VALUES (1301, '08:00:00', '09:00:00', 0, '空闲', 101);
INSERT INTO `stadiumplanitem` VALUES (1302, '09:00:00', '10:00:00', 1, '空闲', 101);
INSERT INTO `stadiumplanitem` VALUES (1303, '10:00:00', '11:00:00', 2, '空闲', 101);
INSERT INTO `stadiumplanitem` VALUES (1304, '11:00:00', '12:00:00', 3, '空闲', 101);
INSERT INTO `stadiumplanitem` VALUES (1305, '12:00:00', '13:00:00', 4, '空闲', 101);
INSERT INTO `stadiumplanitem` VALUES (1306, '13:00:00', '14:00:00', 5, '空闲', 101);
INSERT INTO `stadiumplanitem` VALUES (1307, '14:00:00', '15:00:00', 6, '空闲', 101);
INSERT INTO `stadiumplanitem` VALUES (1308, '15:00:00', '16:00:00', 7, '空闲', 101);
INSERT INTO `stadiumplanitem` VALUES (1309, '16:00:00', '17:00:00', 8, '空闲', 101);
INSERT INTO `stadiumplanitem` VALUES (1310, '17:00:00', '18:00:00', 9, '空闲', 101);
INSERT INTO `stadiumplanitem` VALUES (1311, '18:00:00', '19:00:00', 10, '空闲', 101);
INSERT INTO `stadiumplanitem` VALUES (1312, '19:00:00', '20:00:00', 11, '空闲', 101);
INSERT INTO `stadiumplanitem` VALUES (1313, '20:00:00', '21:00:00', 12, '空闲', 101);
INSERT INTO `stadiumplanitem` VALUES (1314, '08:00:00', '09:00:00', 0, '空闲', 102);
INSERT INTO `stadiumplanitem` VALUES (1315, '09:00:00', '10:00:00', 1, '空闲', 102);
INSERT INTO `stadiumplanitem` VALUES (1316, '10:00:00', '11:00:00', 2, '空闲', 102);
INSERT INTO `stadiumplanitem` VALUES (1317, '11:00:00', '12:00:00', 3, '空闲', 102);
INSERT INTO `stadiumplanitem` VALUES (1318, '12:00:00', '13:00:00', 4, '空闲', 102);
INSERT INTO `stadiumplanitem` VALUES (1319, '13:00:00', '14:00:00', 5, '空闲', 102);
INSERT INTO `stadiumplanitem` VALUES (1320, '14:00:00', '15:00:00', 6, '空闲', 102);
INSERT INTO `stadiumplanitem` VALUES (1321, '15:00:00', '16:00:00', 7, '空闲', 102);
INSERT INTO `stadiumplanitem` VALUES (1322, '16:00:00', '17:00:00', 8, '空闲', 102);
INSERT INTO `stadiumplanitem` VALUES (1323, '17:00:00', '18:00:00', 9, '空闲', 102);
INSERT INTO `stadiumplanitem` VALUES (1324, '18:00:00', '19:00:00', 10, '空闲', 102);
INSERT INTO `stadiumplanitem` VALUES (1325, '19:00:00', '20:00:00', 11, '空闲', 102);
INSERT INTO `stadiumplanitem` VALUES (1326, '20:00:00', '21:00:00', 12, '空闲', 102);

-- ----------------------------
-- Table structure for user
-- ----------------------------
DROP TABLE IF EXISTS `user`;
CREATE TABLE `user`  (
  `id` int(11) NOT NULL AUTO_INCREMENT,
  `name` varchar(255) CHARACTER SET utf8 COLLATE utf8_general_ci NULL DEFAULT NULL,
  `password` varchar(255) CHARACTER SET utf8 COLLATE utf8_general_ci NULL DEFAULT NULL,
  `email` varchar(255) CHARACTER SET utf8 COLLATE utf8_general_ci NULL DEFAULT NULL,
  PRIMARY KEY (`id`) USING BTREE
) ENGINE = InnoDB AUTO_INCREMENT = 7 CHARACTER SET = utf8 COLLATE = utf8_general_ci ROW_FORMAT = Dynamic;

-- ----------------------------
-- Records of user
-- ----------------------------
INSERT INTO `user` VALUES (1, 'root', 'root', '');
INSERT INTO `user` VALUES (2, 'mty', 'mty', '707703105@qq.com');
INSERT INTO `user` VALUES (3, 'zhangsan', 'zhangsan', 'zhangsan@163.com');
INSERT INTO `user` VALUES (4, 'mcm', 'mcm', 'mcm@abc.com');
INSERT INTO `user` VALUES (5, 'zdd', 'zdd', 'zdd@126.com');

SET FOREIGN_KEY_CHECKS = 1;
